Pedigree	SFGL_ID	SEQ #	Survey Date	River	Survey Type	Crew Initials	Crew Initials	Start Time	End Time	Water Temp	Reach	Fish ID	Time Collected	Clipped (Y/N)	F.L (cm)	Sex (M/F)	DNA Sampled (Y/N)	Scale Sampled (Y/N)	Otolith (Y/N)	Egg Retention % (F only)	ODFW CWT number	Floy Tag (Y/N)	Floy tag color	Floy tag number	Comments	Entered By	Date Entered	Checked By	Date Checked
OtsCC19MCKR	OtsCC19MCKR_1852	1	7/4/2019	McKenzie	Raft	DA	EP	11:10	14:00	13.9	Deerhorn to Hendricks	1852	12:37	Y	74	M	Y	Y	N	N/A	19P_7900	N	N/A	N/A	19P_7900	MRM	1-Aug-19	BL	1-Aug-19
OtsCC19SSNT	OtsCC19SSNT_2120	2	7/24/2019	South Santiam	Raft	DA	CZ	10:00	11:50	10.5	Foster Dam to Pleasant Valley	2120	10:24	Y	84	F	Y	Y	N	100	N/A	N	N/A	N/A	LEFT SIDE MAXILLARY CLIP	MRM	1-Aug-19	BL	1-Aug-19
OtsCC19MCKR	OtsCC19MCKR_1360	3	8/1/2019	McKenzie	Raft	DA	BL	10:36	12:23	15.9	Leaberg Landing to Deerhorn	1360	12:02	Y	75	F	Y	Y	N	UNKNOWN	19P_7000	N	N/A	N/A	EGGS REMOVED	MRM	8-Aug-19	EP	13-Oct-19
OtsCC19NSNT	OtsCC19NSNT_2130	4	8/3/2019	North Santiam	IK	BL	CZ	11:27	13:27	12.5	Big Cliff Dam to Minto Dam	2130	11:54	N	81	M	Y	Y	Y	N/A	N/A	Y	UNKNOWN	283	Floy Tag 283,DNA from bottom of fin, top missing (floy tag color likely GREY or WHITE-MRM31oct19)	MP	8-Aug-19	MRM	17-Oct-19
OtsCC19NSNT	OtsCC19NSNT_2129	5	8/3/2019	North Santiam	IK	BL	CZ	13:27	13:45	13.5	Minto Dam to Packsaddle	2129	13:40	Y	90	F	Y	Y	N	100	N/A	N	N/A	N/A	DNA from lower fin, Top decomposed	MP	8-Aug-19	MRM	17-Oct-19
OtsCC19MCKR	OtsCC19MCKR_2128	6	8/5/2019	McKenzie	Raft	DA	CZ	11:32	13:56	12.0	Rosborro to Ben and Kay	2128	12:21	Y	86	F	Y	Y	N	UNKNOWN	N/A	Y	BLUE	840	USACE Floy Tag #0840, scavenged	MRM	8-Aug-19	EP	13-Oct-19
OtsCC19NSNT	OtsCC19NSNT_2119	7	8/6/2019	North Santiam	Raft	DA	CZ	10:05	11:25	12.3	Packsaddle to Gates Bridge	2119	10:55	Y	79	F	Y	Y	N	UNKNOWN	19P_8000	N	N/A	N/A	DNA from adipose regrowth	MP	8-Aug-19	MRM	17-Oct-19
OtsCC19SSNT	OtsCC19SSNT_2111	8	8/7/2019	South Santiam	Raft	MP	CZ	9:45	11:53	10.4	Foster Dam to Pleasant Valley	2111	10:08	N	89	M	Y	Y	Y	N/A	N/A	N	N/A	N/A		MP	8-Aug-19	MRM	17-Oct-19
OtsCC19MCKR	OtsCC19MCKR_1359	9	8/15/2019	McKenzie	Raft	BL	PH	11:25	14:00	15.8	Deerhorn to Hendricks	1359	13:00	Y	78	F	Y	Y	N	100	19P_7701	N	N/A	N/A		MRM	15-Aug-19	EP	13-Oct-19
OtsCC19SANT	OtsCC19SANT_2118	10	8/16/2019	Santiam	Raft	BL	PH	13:00	16:05	18.2	I-5 Bridge to Mouth	2118	13:30	Y	71	F	Y	Y	N	100	N/A	N	N/A	N/A	not fully developed eggs- very small	MP	21-Aug-19	MRM	17-Oct-19
OtsCC19NSNT	OtsCC19NSNT_2112	11	8/17/2019	North Santiam	IK	BL	CZ	10:18	12:59	11.8	Big Cliff Dam to Minto Dam	2112	10:39	N	UNKNOWN	M	Y	Y	N	N/A	N/A	Y	GREY	359	Gray Floy Tag #359, Scavenged 	MP	17-Aug-19	MRM	17-Oct-19
OtsCC19NSNT	OtsCC19NSNT_2113	12	8/17/2019	North Santiam	IK	BL	CZ	10:18	12:59	11.8	Big Cliff Dam to Minto Dam	2113	11:09	N	73	UNKNOWN	Y	Y	N	UNKNOWN	N/A	N	N/A	N/A	Scavenged	MP	17-Aug-19	MRM	17-Oct-19
OtsCC19SSNT	OtsCC19SSNT_2114	13	8/21/2019	South Santiam	Raft	CZ	MRM	9:45	11:40	9.8	Foster Dam to Pleasant Valley	2114	10:40	Y	69	F	Y	Y	N	100	N/A	N	N/A	N/A	Partially Scavenged	MP	21-Aug-19	MRM	17-Oct-19
OtsCC19SSNT	OtsCC19SSNT_2117	14	8/28/2019	South Santiam	Raft	CZ 	MP	10:14	12:48	11.1	Pleasant Valley to McDowell Creek	2117	10:42	Y	81	F	Y	Y	N	100	N/A	N	N/A	N/A	Skein is broken	MP	28-Aug-19	MRM	17-Oct-19
OtsCC19NSNT	OtsCC19NSNT_1854	15	8/29/2019	North Santiam	IK	CZ	BL	10:14	12:45	10.7	Big Cliff Dam to Minto Dam	1854	12:10	N	88	F	Y	Y	Y	UNKNOWN	N/A	Y	GREY	366	Gray Floy Tag #366, Pics 384-4210 to 384-4214. Fish scavenged hard to tell if eggs were eaten or spawned out. Eggs didn’t appear mature.	MP	30-Aug-19	MRM	17-Oct-19
OtsCC19NSNT	OtsCC19NSNT_1853	16	8/29/2019	North Santiam	IK	CZ	BL	12:46	12:59	11.2	Minto Dam to Packsaddle	1853	12:55	UNKNOWN	81	F	Y	Y	Y	UNKNOWN	N/A	N	N/A	N/A	DNA taken from ventral fin, other fins decomposed. Scavenged .	MP	30-Aug-19	MRM	17-Oct-19
OtsCC19MFWR	OtsCC19MFWR_1859	17	9/4/2019	Middle Fork Willamette	Raft & IK	PH,BL	KH	10:45	12:50	18.0	Dexter to Pengra Landing	1859	11:00	N	89	F	Y	Y	Y	100	N/A	N	N/A	N/A		MRM	14-Sep-19	EP	13-Oct-19
OtsCC19MFWR	OtsCC19MFWR_1358	18	9/4/2019	Middle Fork Willamette	Raft & IK	PH,BL	KH	10:45	12:50	18.0	Dexter to Pengra Landing	1358	12:25	N	66	M	Y	Y	Y	N/A	N/A	N	N/A	N/A		MRM	14-Sep-19	EP	13-Oct-19
OtsCC19MFWR	OtsCC19MFWR_1860	19	9/4/2019	Middle Fork Willamette	Raft & IK	PH,BL	KH	10:45	12:50	18.0	Dexter to Pengra Landing	1860	10:50	Y	73	M	Y	Y	N	N/A	19P_7726	N	N/A	N/A	CWT	MRM	14-Sep-19	EP	13-Oct-19
OtsCC19MFWR	OtsCC19MFWR_1856	20	9/4/2019	Middle Fork Willamette	Raft & IK	PH,BL	KH	10:45	12:50	18.0	Dexter to Pengra Landing	1856	10:55	Y	56	M	Y	Y	N	N/A	19P_7727	N	N/A	N/A	Photo 4218 Camera 0166 CWT	MRM	14-Sep-19	EP	13-Oct-19
OtsCC19MFWR	OtsCC19MFWR_1857	21	9/4/2019	Middle Fork Willamette	Raft & IK	PH,BL	KH	10:45	12:50	18.0	Dexter to Pengra Landing	1857	11:55	Y	70	M	Y	Y	N	N/A	19P_7728	N	N/A	N/A	CWT	MRM	14-Sep-19	EP	13-Oct-19
OtsCC19MFWR	OtsCC19MFWR_1858	22	9/4/2019	Middle Fork Willamette	Raft & IK	PH,BL	KH	10:45	12:50	18.0	Dexter to Pengra Landing	1858	11:30	Y	63	M	Y	Y	N	N/A	19P_7729	N	N/A	N/A	CWT	MRM	14-Sep-19	EP	13-Oct-19
OtsCC19MFWR	OtsCC19MFWR_1855	23	9/4/2019	Middle Fork Willamette	Raft & IK	PH,BL	KH	10:45	12:50	18.0	Dexter to Pengra Landing	1855	11:00	Y	60	F	Y	Y	N	UNKNOWN	19P_7730	N	N/A	N/A	Photo 4222 Camera 2 eggs CWT	MRM	14-Sep-19	EP	13-Oct-19
OtsCC19MFWR	OtsCC19MFWR_1357	24	9/4/2019	Middle Fork Willamette	Raft & IK	PH,BL	KH	12:55	14:50	18.2	Pengra Landing to Jasper	1357	13:10	N	66	M	Y	Y	Y	N/A	N/A	N	N/A	N/A		MRM	14-Sep-19	EP	13-Oct-19
OtsCC19SSNT	OtsCC19SSNT_2115	25	9/11/2019	South Santiam	Raft	DA	BD	9:36	12:27	11.2	Foster Dam to Pleasant Valley	2115	10:13	Y	83	F	Y	Y	N	0	N/A	N	N/A	N/A	19P_8001 CWT ID- Scanned at Field house, does not have Coded wire tag, scanned with V reader.	MP	11-Sep-19	MRM	17-Oct-19
OtsCC19SSNT	OtsCC19SSNT_2124	26	9/11/2019	South Santiam	Raft	MP	PH	9:45	11:50	13.3	Pleasant Valley to McDowell Creek	2124	10:30	N	86	F	Y	Y	Y	100	N/A	N	N/A	N/A		MP	11-Sep-19	MRM	17-Oct-19
OtsCC19MCKR	OtsCC19MCKR_1330	27	9/12/2019	McKenzie	Raft	MP	KH	10:45	13:58	12.2	Deerhorn to Hendricks	1330	12:20	N	85	F	Y	Y	Y	0	N/A	N	N/A	N/A	Picture number 384-4114 Camera 0171, estimated start time and water temp	MRM	14-Sep-19	EP	13-Oct-19
OtsCC19MCKR	OtsCC19MCKR_0471	28	9/14/2019	Horse Creek	Walk	CH	EP	9:20	12:32	10.2	Pothole to Trailbridge	471	10:48	N	UNKNOWN	M	Y	Y	N	N/A	N/A	N	N/A	N/A	No Head, scavenged	MRM	17-Sep-19	EP	13-Oct-19
OtsCC19MCKR	OtsCC19MCKR_0472	29	9/14/2019	Horse Creek	Walk	CH	EP	9:20	12:32	10.2	Pothole to Trailbridge	472	11:59	N	78	F	Y	Y	Y	0	N/A	N	N/A	N/A		MRM	17-Sep-19	EP	13-Oct-19
OtsCC19MCKR	OtsCC19MCKR_1239	30	9/16/2019	McKenzie	Raft & IK	BL,MP,PH	CH,EP	10:45	14:20	8.0	Forrest Glen to Rosborro	1239	11:10	N	90	M	Y	Y	Y	N/A	19P_7703	N	N/A	N/A	only one otolith - other one broke, CWT  19P_7703	MRM	17-Sep-19	EP	13-Oct-19
OtsCC19MCKR	OtsCC19MCKR_1240	31	9/16/2019	McKenzie	Raft & IK	BL,MP,PH	CH,EP	10:45	14:20	8.0	Forrest Glen to Rosborro	1240	10:50	Y	74	F	Y	Y	N	10	N/A	N	N/A	N/A		MRM	17-Sep-19	EP	13-Oct-19
OtsCC19MCKR	OtsCC19MCKR_1238	32	9/16/2019	McKenzie	Raft & IK	BL,MP,PH	CH,EP	10:45	14:20	8.0	Forrest Glen to Rosborro	1238	11:10	Y	77	F	Y	Y	N	90	N/A	N	N/A	N/A	adclip partial regrowth	MRM	17-Sep-19	EP	13-Oct-19
OtsCC19MCKR	OtsCC19MCKR_1236	33	9/16/2019	McKenzie	Raft & IK	BL,MP,PH	CH,EP	10:45	14:20	8.0	Forrest Glen to Rosborro	1236	11:40	N	83	F	Y	Y	Y	50	N/A	N	N/A	N/A		MRM	17-Sep-19	EP	13-Oct-19
OtsCC19MCKR	OtsCC19MCKR_1237	34	9/16/2019	McKenzie	Raft & IK	BL,MP,PH	CH,EP	10:45	14:20	8.0	Forrest Glen to Rosborro	1237	11:40	N	92	M	Y	Y	Y	N/A	N/A	N	N/A	N/A	only 3 scales - plated up	MRM	17-Sep-19	EP	13-Oct-19
OtsCC19MCKR	OtsCC19MCKR_1231	35	9/16/2019	McKenzie	Raft & IK	BL,MP,PH	CH,EP	10:45	14:20	8.0	Forrest Glen to Rosborro	1231	12:30	Y	68	F	Y	Y	N	5	N/A	N	N/A	N/A		MRM	17-Sep-19	EP	13-Oct-19
OtsCC19MCKR	OtsCC19MCKR_1232	36	9/16/2019	McKenzie	Raft & IK	BL,MP,PH	CH,EP	10:45	14:20	8.0	Forrest Glen to Rosborro	1232	12:30	N	78	F	Y	Y	Y	0	N/A	N	N/A	N/A		MRM	17-Sep-19	EP	13-Oct-19
OtsCC19MCKR	OtsCC19MCKR_1233	37	9/16/2019	McKenzie	Raft & IK	BL,MP,PH	CH,EP	10:45	14:20	8.0	Forrest Glen to Rosborro	1233	13:05	N	92	M	Y	Y	Y	N/A	N/A	N	N/A	N/A		MRM	17-Sep-19	EP	13-Oct-19
OtsCC19MCKR	OtsCC19MCKR_1234	38	9/16/2019	McKenzie	Raft & IK	BL,MP,PH	CH,EP	10:45	14:20	8.0	Forrest Glen to Rosborro	1234	13:30	N	80	M	Y	Y	Y	N/A	N/A	N	N/A	N/A		MRM	17-Sep-19	EP	13-Oct-19
OtsCC19MCKR	OtsCC19MCKR_1235	39	9/16/2019	McKenzie	Raft & IK	BL,MP,PH	CH,EP	10:45	14:20	8.0	Forrest Glen to Rosborro	1235	13:30	N	82	F	Y	Y	Y	10	N/A	N	N/A	N/A	Potential adclip regrowth	MRM	17-Sep-19	EP	13-Oct-19
OtsCC19MCKR	OtsCC19MCKR_1390	40	9/16/2019	McKenzie	Raft & IK	BL,MP,PH	CH,EP	10:45	14:20	8.0	Forrest Glen to Rosborro	1390	14:15	N	80	F	Y	Y	Y	5	N/A	N	N/A	N/A		MRM	17-Sep-19	EP	13-Oct-19
OtsCC19MCKR	OtsCC19MCKR_2123	41	9/16/2019	McKenzie	Raft	DA,MM	CZ,BD	12:45	14:23	12.1	Helfrich to Leaburg Lake	2123	13:30	N	83	F	Y	Y	Y	0	N/A	N	N/A	N/A		MRM	17-Sep-19	EP	13-Oct-19
OtsCC19MCKR	OtsCC19MCKR_0003	42	9/18/2019	McKenzie	Raft 	PH	CZ	11:25	14:00	7.5	McKenzie Bridge to Hamlin	3	12:50	N	91	M	Y	Y	Y	N/A	N/A	N	N/A	N/A	ODFW surveying our reach in front of crew	MRM	23-Sep-19	EP	13-Oct-19
OtsCC19MFWR	OtsCC19MFWR_1356	43	9/19/2019	Middle Fork Willamette	Raft & IK	KH,PH	BL	9:56	12:00	17.1	Dexter to Pengra Landing	1356	10:20	Y	73	F	Y	Y	N	100	N/A	N	N/A	N/A		MRM	23-Sep-19	EP	13-Oct-19
OtsCC19MFWR	OtsCC19MFWR_1430	44	9/19/2019	Middle Fork Willamette	Raft & IK	KH,PH	BL	9:56	12:00	17.1	Dexter to Pengra Landing	1430	10:50	Y	68	M	Y	Y	N	N/A	N/A	N	N/A	N/A		MRM	23-Sep-19	EP	13-Oct-19
OtsCC19MFWR	OtsCC19MFWR_1464	45	9/19/2019	Middle Fork Willamette	Raft & IK	KH,PH	BL	9:56	12:00	17.1	Dexter to Pengra Landing	1464	11:20	Y	73	F	Y	Y	N	UNKNOWN	19P_7731	N	N/A	N/A	too scavenged to determine egg retention	MRM	23-Sep-19	EP	13-Oct-19
OtsCC19MCKR	OtsCC19MCKR_1321	46	9/20/2019	Horse Creek	IK	BL	CZ	9:55	12:14	8.9	Bridge to Mouth	1321	10:09	N	90	M	Y	Y	Y	N/A	N/A	N	N/A	N/A	DNA from pectoral fin	MRM	24-Sep-19	EP	13-Oct-19
OtsCC19MCKR	OtsCC19MCKR_1322	47	9/20/2019	Horse Creek	IK	BL	CZ	9:55	12:14	8.9	Bridge to Mouth	1322	10:28	N	78	F	Y	Y	Y	0	N/A	N	N/A	N/A		MRM	24-Sep-19	EP	13-Oct-19
OtsCC19MCKR	OtsCC19MCKR_1323	48	9/20/2019	Horse Creek	IK	BL	CZ	9:55	12:14	8.9	Bridge to Mouth	1323	10:28	N	75	F	Y	Y	Y	0	N/A	N	N/A	N/A		MRM	24-Sep-19	EP	13-Oct-19
OtsCC19MCKR	OtsCC19MCKR_1324	49	9/20/2019	Horse Creek	IK	BL	CZ	9:55	12:14	8.9	Bridge to Mouth	1324	11:17	N	75	F	Y	Y	Y	0	N/A	N	N/A	N/A		MRM	24-Sep-19	EP	13-Oct-19
OtsCC19MCKR	OtsCC19MCKR_1325	50	9/20/2019	Horse Creek	IK	BL	CZ	9:55	12:14	8.9	Bridge to Mouth	1325	11:17	UNKNOWN	77	F	Y	Y	Y	0	N/A	N	N/A	N/A		MRM	24-Sep-19	EP	13-Oct-19
OtsCC19MCKR	OtsCC19MCKR_1541	51	9/20/2019	McKenzie	Raft	DA,EP	KH,PH	13:15	16:45	10.8	Rosborro to Ben and Kay	1541	13:40	N	83	F	Y	Y	Y	0	N/A	N	N/A	N/A		MRM	23-Sep-19	EP	13-Oct-19
OtsCC19MCKR	OtsCC19MCKR_1542	52	9/20/2019	McKenzie	Raft	DA,EP	KH,PH	13:15	16:45	10.8	Rosborro to Ben and Kay	1542	13:40	Y	78	F	Y	Y	N	0	N/A	N	N/A	N/A		MRM	23-Sep-19	EP	13-Oct-19
OtsCC19MCKR	OtsCC19MCKR_1543	53	9/20/2019	McKenzie	Raft	DA,EP	KH,PH	13:15	16:45	10.8	Rosborro to Ben and Kay	1543	13:40	Y	63	F	Y	Y	N	0	N/A	N	N/A	N/A		MRM	23-Sep-19	EP	13-Oct-19
OtsCC19MCKR	OtsCC19MCKR_0007	54	9/20/2019	McKenzie	Raft	DA,EP	KH,PH	13:15	16:45	10.8	Rosborro to Ben and Kay	7	14:47	N	84	F	Y	Y	Y	0	N/A	Y	BLUE	1052	Floy tag 1052 and 1053 DNA from adipose- (USACE FLOY - mrm 31 OCT 19)	MRM	23-Sep-19	EP	13-Oct-19
OtsCC19MCKR	OtsCC19MCKR_2148	55	9/20/2019	McKenzie	Raft	DA,EP	KH,PH	13:15	16:45	10.8	Rosborro to Ben and Kay	2148	15:45	Y	73	F	Y	Y	N	0	N/A	N	N/A	N/A		MRM	23-Sep-19	EP	13-Oct-19
OtsCC19MCKR	OtsCC19MCKR_2149	56	9/20/2019	McKenzie	Raft	DA,EP	KH,PH	13:15	16:45	10.8	Rosborro to Ben and Kay	2149	15:45	N	86	F	Y	Y	Y	0	N/A	N	N/A	N/A		MRM	23-Sep-19	EP	13-Oct-19
OtsCC19MCKR	OtsCC19MCKR_2150	57	9/20/2019	McKenzie	Raft	DA,EP	KH,PH	13:15	16:45	10.8	Rosborro to Ben and Kay	2150	15:45	N	100	M	Y	Y	Y	N/A	N/A	N	N/A	N/A		MRM	23-Sep-19	EP	13-Oct-19
OtsCC19MCKR	OtsCC19MCKR_0005	58	9/20/2019	McKenzie	Raft	DA,EP	KH,PH	13:15	16:45	10.8	Rosborro to Ben and Kay	5	16:30	Y	76	M	Y	Y	N	N/A	N/A	N	N/A	N/A		MRM	23-Sep-19	EP	13-Oct-19
OtsCC19SSNT	OtsCC19SSNT_2141	59	9/25/2019	South Santiam	Raft	BD,PH	CZ.DA	9:50	13:45	11.5	Foster Dam to Pleasant Valley	2141	9:50	N	81	F	Y	Y	Y	0	N/A	N	N/A	N/A	Spawned out 	MP	27-Sep-19	MRM	17-Oct-19
OtsCC19SSNT	OtsCC19SSNT_2142	60	9/25/2019	South Santiam	Raft	BD,PH	CZ.DA	9:50	13:45	11.5	Foster Dam to Pleasant Valley	2142	9:50	Y	83	F	Y	Y	N	0	N/A	N	N/A	N/A		MP	27-Sep-19	MRM	17-Oct-19
OtsCC19SSNT	OtsCC19SSNT_2143	61	9/25/2019	South Santiam	Raft	BD,PH	CZ.DA	9:50	13:45	11.5	Foster Dam to Pleasant Valley	2143	9:50	N	76	M	Y	Y	Y	N/A	N/A	N	N/A	N/A		MP	27-Sep-19	MRM	17-Oct-19
OtsCC19SSNT	OtsCC19SSNT_2144	62	9/25/2019	South Santiam	Raft	BD,PH	CZ.DA	9:50	13:45	11.5	Foster Dam to Pleasant Valley	2144	9:50	Y	79	F	Y	Y	N	100	N/A	N	N/A	N/A	Photos 384-4129,4130	MP	27-Sep-19	MRM	17-Oct-19
OtsCC19SSNT	OtsCC19SSNT_2145	63	9/25/2019	South Santiam	Raft	BD,PH	CZ.DA	9:50	13:45	11.5	Foster Dam to Pleasant Valley	2145	9:50	N	89	M	Y	Y	Y	N/A	N/A	N	N/A	N/A		MP	27-Sep-19	MRM	17-Oct-19
OtsCC19SSNT	OtsCC19SSNT_0011	64	9/25/2019	South Santiam	Raft	BD,PH	CZ.DA	9:50	13:45	11.5	Foster Dam to Pleasant Valley	11	10:44	N	81	M	Y	Y	Y	N/A	N/A	N	N/A	N/A		MP	27-Sep-19	MRM	17-Oct-19
OtsCC19SSNT	OtsCC19SSNT_0012	65	9/25/2019	South Santiam	Raft	BD,PH	CZ.DA	9:50	13:45	11.5	Foster Dam to Pleasant Valley	12	10:44	Y	84	F	Y	Y	N	0	N/A	N	N/A	N/A		MP	27-Sep-19	MRM	17-Oct-19
OtsCC19SSNT	OtsCC19SSNT_0013	66	9/25/2019	South Santiam	Raft	BD,PH	CZ.DA	9:50	13:45	11.5	Foster Dam to Pleasant Valley	13	10:44	N	78	F	Y	Y	Y	0	N/A	N	N/A	N/A		MP	27-Sep-19	MRM	17-Oct-19
OtsCC19SSNT	OtsCC19SSNT_0014	67	9/25/2019	South Santiam	Raft	BD,PH	CZ.DA	9:50	13:45	11.5	Foster Dam to Pleasant Valley	14	10:44	Y	81	F	Y	N	N	0	N/A	N	N/A	N/A		MP	27-Sep-19	MRM	17-Oct-19
OtsCC19SSNT	OtsCC19SSNT_0016	68	9/25/2019	South Santiam	Raft	BD,PH	CZ.DA	9:50	13:45	11.5	Foster Dam to Pleasant Valley	16	10:44	Y	78	F	Y	Y	N	0	N/A	N	N/A	N/A		MP	27-Sep-19	MRM	17-Oct-19
OtsCC19SSNT	OtsCC19SSNT_0017	69	9/25/2019	South Santiam	Raft	BD,PH	CZ.DA	9:50	13:45	11.5	Foster Dam to Pleasant Valley	17	10:44	Y	74	F	Y	Y	N	0	N/A	N	N/A	N/A		MP	27-Sep-19	MRM	17-Oct-19
OtsCC19SSNT	OtsCC19SSNT_0018	70	9/25/2019	South Santiam	Raft	BD,PH	CZ.DA	9:50	13:45	11.5	Foster Dam to Pleasant Valley	18	10:44	Y	77	F	Y	Y	N	0	N/A	N	N/A	N/A		MP	27-Sep-19	MRM	17-Oct-19
OtsCC19SSNT	OtsCC19SSNT_0019	71	9/25/2019	South Santiam	Raft	BD,PH	CZ.DA	9:50	13:45	11.5	Foster Dam to Pleasant Valley	19	10:44	N	83	M	Y	Y	Y	N/A	N/A	N	N/A	N/A		MP	27-Sep-19	MRM	17-Oct-19
OtsCC19SSNT	OtsCC19SSNT_2122	72	9/25/2019	South Santiam	Raft	BD,PH	CZ.DA	9:50	13:45	11.5	Foster Dam to Pleasant Valley	2122	11:19	Y	79	F	Y	Y	N	0	N/A	N	N/A	N/A		MP	27-Sep-19	MRM	17-Oct-19
OtsCC19SSNT	OtsCC19SSNT_2121	73	9/25/2019	South Santiam	Raft	BD,PH	CZ.DA	9:50	13:45	11.5	Foster Dam to Pleasant Valley	2121	11:19	Y	72	F	Y	Y	N	0	N/A	N	N/A	N/A		MP	27-Sep-19	MRM	17-Oct-19
OtsCC19SSNT	OtsCC19SSNT_2014	74	9/25/2019	South Santiam	Raft	BD,PH	CZ.DA	9:50	13:45	11.5	Foster Dam to Pleasant Valley	2014	11:54	Y	85	F	Y	Y	N	0	N/A	N	N/A	N/A		MP	27-Sep-19	MRM	17-Oct-19
OtsCC19SSNT	OtsCC19SSNT_2015	75	9/25/2019	South Santiam	Raft	BD,PH	CZ.DA	9:50	13:45	11.5	Foster Dam to Pleasant Valley	2015	11:54	N	95	M	Y	Y	Y	N/A	N/A	N	N/A	N/A		MP	27-Sep-19	MRM	17-Oct-19
OtsCC19SSNT	OtsCC19SSNT_2016	76	9/25/2019	South Santiam	Raft	BD,PH	CZ.DA	9:50	13:45	11.5	Foster Dam to Pleasant Valley	2016	11:54	Y	77	F	Y	Y	N	0	N/A	N	N/A	N/A		MP	27-Sep-19	MRM	17-Oct-19
OtsCC19SSNT	OtsCC19SSNT_2017	77	9/25/2019	South Santiam	Raft	BD,PH	CZ.DA	9:50	13:45	11.5	Foster Dam to Pleasant Valley	2017	11:54	Y	75	F	Y	Y	N	0	N/A	N	N/A	N/A		MP	27-Sep-19	MRM	17-Oct-19
OtsCC19SSNT	OtsCC19SSNT_2018	78	9/25/2019	South Santiam	Raft	BD,PH	CZ.DA	9:50	13:45	11.5	Foster Dam to Pleasant Valley	2018	11:54	Y	90	F	Y	Y	N	0	N/A	N	N/A	N/A		MP	27-Sep-19	MRM	17-Oct-19
OtsCC19SSNT	OtsCC19SSNT_2019	79	9/25/2019	South Santiam	Raft	BD,PH	CZ.DA	9:50	13:45	11.5	Foster Dam to Pleasant Valley	2019	11:54	N	73	M	Y	Y	Y	N/A	N/A	N	N/A	N/A		MP	27-Sep-19	MRM	17-Oct-19
OtsCC19SSNT	OtsCC19SSNT_2020	80	9/25/2019	South Santiam	Raft	BD,PH	CZ.DA	9:50	13:45	11.5	Foster Dam to Pleasant Valley	2020	11:54	Y	79	F	Y	Y	N	0	N/A	N	N/A	N/A		MP	27-Sep-19	MRM	17-Oct-19
OtsCC19SSNT	OtsCC19SSNT_2155	81	9/25/2019	South Santiam	Raft	BD,PH	CZ.DA	9:50	13:45	11.5	Foster Dam to Pleasant Valley	2155	13:10	Y	72	F	Y	Y	N	100	N/A	N	N/A	N/A		MP	27-Sep-19	MRM	17-Oct-19
OtsCC19SSNT	OtsCC19SSNT_2156	82	9/25/2019	South Santiam	Raft	BD,PH	CZ.DA	9:50	13:45	11.5	Foster Dam to Pleasant Valley	2156	13:10	Y	81	F	Y	Y	N	0	N/A	N	N/A	N/A		MP	27-Sep-19	MRM	17-Oct-19
OtsCC19SSNT	OtsCC19SSNT_2157	83	9/25/2019	South Santiam	Raft	BD,PH	CZ.DA	9:50	13:45	11.5	Foster Dam to Pleasant Valley	2157	13:10	Y	85	F	Y	Y	N	0	N/A	N	N/A	N/A		MP	27-Sep-19	MRM	17-Oct-19
OtsCC19SSNT	OtsCC19SSNT_2158	84	9/25/2019	South Santiam	Raft	BD,PH	CZ.DA	9:50	13:45	11.5	Foster Dam to Pleasant Valley	2158	13:10	N	77	M	Y	Y	Y	N/A	N/A	N	N/A	N/A		MP	27-Sep-19	MRM	17-Oct-19
OtsCC19SSNT	OtsCC19SSNT_2160	85	9/25/2019	South Santiam	Raft	BD,PH	CZ.DA	9:50	13:45	11.5	Foster Dam to Pleasant Valley	2160	11:19	Y	76	F	Y	Y	N	0	19P_7901	N	N/A	N/A	CWT 19P-7901	MP	27-Sep-19	MRM	17-Oct-19
OtsCC19SFMK	OtsCC19SFMK_1381	86	9/25/2019	South Fork McKenzie 	IK	BL	AP	12:04	14:23	9.5	Bridge to Mouth	1381	13:49	N	74	F	Y	Y	Y	90	N/A	N	N/A	N/A	Phase 2 to Phase 1	MRM	27-Sep-19	EP	13-Oct-19
OtsCC19MCKR	OtsCC19MCKR_1147	87	9/26/2019	McKenzie	Raft	KH	AP	10:05	15:40	12.5	Deerhorn to Hendricks	1147	12:15	N	75	F	Y	Y	Y	100	N/A	N	N/A	N/A		MRM	27-Sep-19	EP	13-Oct-19
OtsCC19MCKR	OtsCC19MCKR_1143	88	9/26/2019	McKenzie	Raft	KH	AP	10:05	15:40	12.5	Deerhorn to Hendricks	1143	13:58	N	97	M	Y	Y	Y	N/A	N/A	N	N/A	N/A		MRM	27-Sep-19	EP	13-Oct-19
OtsCC19MCKR	OtsCC19MCKR_1148	89	9/26/2019	McKenzie	Raft	KH	AP	10:05	15:40	12.5	Deerhorn to Hendricks	1148	15:02	Y	78	F	Y	Y	N	100	N/A	N	N/A	N/A		MRM	27-Sep-19	EP	13-Oct-19
OtsCC19NSNT	OtsCC19NSNT_1383	90	9/26/2019	North Santiam	IK	CZ	BL	10:17	14:37	10.2	Big Cliff Dam to Minto Dam	1383	11:30	N	79	F	Y	Y	Y	5	N/A	Y	GREY	456	Grey Floy 456	MP	27-Sep-19	MRM	17-Oct-19
OtsCC19NSNT	OtsCC19NSNT_1384	91	9/26/2019	North Santiam	IK	CZ	BL	10:17	14:37	10.2	Big Cliff Dam to Minto Dam	1384	11:30	N	80	F	Y	Y	Y	5	N/A	Y	GREY	419	Grey Floy 419	MP	27-Sep-19	MRM	17-Oct-19
OtsCC19NSNT	OtsCC19NSNT_1353	92	9/26/2019	North Santiam	IK	CZ	BL	10:17	14:37	10.2	Big Cliff Dam to Minto Dam	1353	14:00	N	81	UNKNOWN	Y	Y	Y	UNKNOWN	N/A	N	N/A	N/A	DNA from pectoral fin (Scavenged)	MP	27-Sep-19	MRM	17-Oct-19
OtsCC19NSNT	OtsCC19NSNT_1387	93	9/26/2019	North Santiam	IK	CZ	BL	10:17	14:37	10.2	Big Cliff Dam to Minto Dam	1387	14:00	N	84	F	Y	Y	Y	0	N/A	Y	WHITE	452	White Floy 452	MP	27-Sep-19	MRM	17-Oct-19
OtsCC19NSNT	OtsCC19NSNT_1355	94	9/26/2019	North Santiam	IK	CZ	BL	10:17	14:37	10.2	Big Cliff Dam to Minto Dam	1355	14:00	N	64	M	Y	Y	Y	N/A	N/A	Y	WHITE	374	DNA from Pectoral Fin, White Floy tag 374	MP	27-Sep-19	MRM	17-Oct-19
OtsCC19NSNT	OtsCC19NSNT_1388	95	9/26/2019	North Santiam	IK	CZ	BL	10:17	14:37	10.2	Big Cliff Dam to Minto Dam	1388	14:35	N	67	F	Y	Y	Y	0	N/A	Y	GREY	271	DNA from Pectoral Fin, Grey Floy 271	MP	27-Sep-19	MRM	17-Oct-19
OtsCC19NSNT	OtsCC19NSNT_1385	96	9/26/2019	North Santiam	IK	CZ	BL	10:17	14:37	10.2	Big Cliff Dam to Minto Dam	1385	11:30	UNKNOWN	UNKNOWN	UNKNOWN	N	N	N	UNKNOWN	19P_8002	N	N/A	N/A	Head Only	MP	27-Sep-19	MRM	17-Oct-19
OtsCC19NSNT	OtsCC19NSNT_1352	97	9/26/2019	North Santiam	IK	CZ	BL	14:37	14:59	10.9	Minto Dam to Packsaddle	1352	14:59	N	68	M	Y	Y	Y	N/A	N/A	Y	WHITE	409	White Floy 409	MP	27-Sep-19	MRM	17-Oct-19
OtsCC19NSNT	OtsCC19NSNT_1701	98	9/27/2019	North Santiam	Raft	BL,BD	AP	10:02	11:26	12.1	Mehama to Powerlines	1701	11:26	UNKNOWN	79	UNKNOWN	Y	Y	Y	UNKNOWN	N/A	N	N/A	N/A	Scavenged, took otoliths, Too decomposed to ID	MP	27-Sep-19	MRM	17-Oct-19
OtsCC19NSNT	OtsCC19NSNT_2151	99	9/27/2019	North Santiam	Raft	CZ	PH	10:03	12:00	10.3	Packsaddle to Gates Bridge	2151	11:00	N	81	F	Y	Y	Y	0	N/A	N	N/A	N/A		MP	27-Sep-19	MRM	17-Oct-19
OtsCC19NSNT	OtsCC19NSNT_2152	100	9/27/2019	North Santiam	Raft	CZ	PH	10:03	12:00	10.3	Packsaddle to Gates Bridge	2152	11:00	N	77	M	Y	Y	Y	N/A	N/A	N	N/A	N/A		MP	27-Sep-19	MRM	17-Oct-19
OtsCC19NSNT	OtsCC19NSNT_2153	101	9/27/2019	North Santiam	Raft	CZ	PH	10:03	12:00	10.3	Packsaddle to Gates Bridge	2153	11:00	Y	82	F	Y	Y	N	0	N/A	N	N/A	N/A	Misclipped adipose fin	MP	27-Sep-19	MRM	17-Oct-19
OtsCC19NSNT	OtsCC19NSNT_2154	102	9/27/2019	North Santiam	Raft	CZ	PH	10:03	12:00	10.3	Packsaddle to Gates Bridge	2154	11:00	N	80	F	Y	Y	Y	0	N/A	N	N/A	N/A	DNA from Pectoral Fin	MP	27-Sep-19	MRM	17-Oct-19
OtsCC19NSNT	OtsCC19NSNT_2146	103	9/27/2019	North Santiam	Raft	CZ	PH	10:03	12:00	10.3	Packsaddle to Gates Bridge	2146	11:40	N	78	F	Y	Y	Y	0	N/A	N	N/A	N/A		MP	27-Sep-19	MRM	17-Oct-19
OtsCC19NSNT	OtsCC19NSNT_2147	104	9/27/2019	North Santiam	Raft	CZ	PH	10:03	12:00	10.3	Packsaddle to Gates Bridge	2147	11:40	N	80	F	Y	Y	Y	0	N/A	N	N/A	N/A		MP	27-Sep-19	MRM	17-Oct-19
OtsCC19NSNT	OtsCC19NSNT_2021	105	9/27/2019	North Santiam	Raft	EP	DA	11:15	12:49	11.8	Upper Bennett to Stayton via South Channel	2021	11:48	N	75	M	Y	Y	Y	N/A	N/A	N	N/A	N/A		MP	27-Sep-19	MRM	17-Oct-19
OtsCC19NSNT	OtsCC19NSNT_2022	106	9/27/2019	North Santiam	Raft	EP	DA	11:15	12:49	11.8	Upper Bennett to Stayton via South Channel	2022	12:10	N	83	F	Y	Y	Y	25	N/A	N	N/A	N/A	Picture 384 4216, Camera 0168	MP	27-Sep-19	MRM	17-Oct-19
OtsCC19NSNT	OtsCC19NSNT_1386	107	9/27/2019	North Santiam	Raft	BL,BD	AP	11:35	13:16	13.4	Powerlines to Upper Bennett	1386	13:16	N	87	M	Y	Y	Y	N/A	N/A	N	N/A	N/A		MP	27-Sep-19	MRM	17-Oct-19
OtsCC19NSNT	OtsCC19NSNT_2116	108	9/27/2019	North Santiam	Raft	CZ	PH	12:00	13:15	10.3	Gates to Mill City	2116	12:30	Y	80	F	Y	Y	N	0	N/A	Y	WHITE	322	Floy white 322	MP	27-Sep-19	MRM	17-Oct-19
OtsCC19NSNT	OtsCC19NSNT_2039	109	9/27/2019	North Santiam	Raft	CZ	PH	13:15	14:15	10.9	Mill City to Fishermans Bend	2039	13:30	N	78	F	Y	Y	Y	0	N/A	N	N/A	N/A	otoliths cut, all pieces collected	MP	27-Sep-19	MRM	17-Oct-19
OtsCC19NSNT	OtsCC19NSNT_2040	110	9/27/2019	North Santiam	Raft	CZ	PH	13:15	14:15	10.9	Mill City to Fishermans Bend	2040	13:30	N	88	M	Y	Y	Y	N/A	N/A	N	N/A	N/A	DNA from Pectoral 	MP	27-Sep-19	MRM	17-Oct-19
OtsCC19NSNT	OtsCC19NSNT_1451	111	9/27/2019	North Santiam	Raft	BL,BD	AP	13:35	15:25	14.4	Upper Bennett to Stayton via North Channel	1451	15:25	N	72	F	Y	Y	Y	0	N/A	N	N/A	N/A		MP	27-Sep-19	MRM	17-Oct-19
OtsCC19NSNT	OtsCC19NSNT_2038	112	9/28/2019	North Santiam	Raft & IK	MP,DA	CZ	8:43	11:09	9.9	Fishermans Bend to Mehama	2038	11:00	N	69	F	Y	Y	Y	0	N/A	N	N/A	N/A	DNA from pectoral fin; 1 otolith	MP	1-Oct-19	MRM	18-Oct-19
OtsCC19MCKR	OtsCC19MCKR_1146	113	9/28/2019	Horse Creek	Ik	AP	BL	11:04	12:35	6.8	Road Access to Braids	1146	11:30	N	62	F	Y	Y	Y	UNKNOWN	N/A	N	N/A	N/A	pictures 1666 and 1665 camera 0172, scavenged	MRM	29-Sep-19	EP	13-Oct-19
OtsCC19MCKR	OtsCC19MCKR_1150	114	9/28/2019	Horse Creek	Ik	AP	BL	11:04	12:35	6.8	Road Access to Braids	1150	11:30	N	73	M	Y	Y	Y	N/A	N/A	N	N/A	N/A	pictures 1666 and 1665 camera 0172	MRM	29-Sep-19	EP	13-Oct-19
OtsCC19MCKR	OtsCC19MCKR_1149	115	9/28/2019	Horse Creek	Ik	AP	BL	13:53	16:15	9.2	Avenue Creek to Bridge	1149	15:00	N	66	M	Y	Y	Y	N/A	N/A	N	N/A	N/A		MRM	29-Sep-19	EP	13-Oct-19
OtsCC19MCKR	OtsCC19MCKR_1145	116	9/28/2019	Horse Creek	Ik	AP	BL	13:53	16:15	9.2	Avenue Creek to Bridge	1145	15:00	N	82	F	Y	Y	Y	5	N/A	N	N/A	N/A		MRM	29-Sep-19	EP	13-Oct-19
OtsCC19MCKR	OtsCC19MCKR_1144	117	9/28/2019	Horse Creek	Ik	AP	BL	13:53	16:15	9.2	Avenue Creek to Bridge	1144	15:00	N	81	F	Y	Y	Y	0	N/A	N	N/A	N/A		MRM	29-Sep-19	EP	13-Oct-19
OtsCC19MCKR	OtsCC19MCKR_1571	118	9/28/2019	Horse Creek	Ik	AP	BL	13:53	16:15	9.2	Avenue Creek to Bridge	1571	15:00	N	84	F	Y	Y	Y	0	N/A	N	N/A	N/A		MRM	29-Sep-19	EP	13-Oct-19
OtsCC19MCKR	OtsCC19MCKR_1142	119	9/28/2019	Horse Creek	Ik	AP	BL	13:53	16:15	9.2	Avenue Creek to Bridge	1142	15:00	N	84	M	Y	Y	Y	N/A	N/A	N	N/A	N/A		MRM	29-Sep-19	EP	13-Oct-19
OtsCC19MCKR	OtsCC19MCKR_1141	120	9/28/2019	Horse Creek	Ik	AP	BL	13:53	16:15	9.2	Avenue Creek to Bridge	1141	15:00	N	72	M	Y	N	Y	N/A	N/A	N	N/A	N/A	dna from flesh - scavenged, no scales	MRM	29-Sep-19	EP	13-Oct-19
OtsCC19MCKR	OtsCC19MCKR_1810	121	9/30/2019	McKenzie	Raft & IK	PH,DA	EP,BD	10:15	19:27	7.1	Forrest Glen to Rosborro	1810	12:15	Y	80	F	Y	Y	N	0	19P_7713	N	N/A	N/A		MRM	3-Oct-19	EP	13-Oct-19
OtsCC19MCKR	OtsCC19MCKR_1544	122	9/30/2019	McKenzie	Raft & IK	PH,DA	EP,BD	10:15	19:27	7.1	Forrest Glen to Rosborro	1544	12:50	Y	77	M	Y	Y	N	N/A	19P_7714	N	N/A	N/A		MRM	3-Oct-19	EP	13-Oct-19
OtsCC19MCKR	OtsCC19MCKR_1545	123	9/30/2019	McKenzie	Raft & IK	PH,DA	EP,BD	10:15	19:27	7.1	Forrest Glen to Rosborro	1545	14:36	Y	68	F	Y	Y	N	0	19P_7715	N	N/A	N/A		MRM	3-Oct-19	EP	13-Oct-19
OtsCC19MCKR	OtsCC19MCKR_1483	124	9/30/2019	McKenzie	Raft & IK	PH,DA	EP,BD	10:15	19:27	7.1	Forrest Glen to Rosborro	1483	14:36	Y	77	F	Y	Y	N	0	19P_7716	N	N/A	N/A		MRM	3-Oct-19	EP	13-Oct-19
OtsCC19MCKR	OtsCC19MCKR_1724	125	9/30/2019	McKenzie	Raft & IK	PH,DA	EP,BD	10:15	19:27	7.1	Forrest Glen to Rosborro	1724	14:36	Y	72	F	Y	Y	N	0	19P_7717	N	N/A	N/A		MRM	3-Oct-19	EP	13-Oct-19
OtsCC19MCKR	OtsCC19MCKR_1689	126	9/30/2019	McKenzie	Raft & IK	PH,DA	EP,BD	10:15	19:27	7.1	Forrest Glen to Rosborro	1689	13:15	Y	70	F	Y	Y	N	5	19P_7718	N	N/A	N/A		MRM	3-Oct-19	EP	13-Oct-19
OtsCC19MCKR	OtsCC19MCKR_1572	127	9/30/2019	McKenzie	Raft & IK	PH,DA	EP,BD	10:15	19:27	7.1	Forrest Glen to Rosborro	1572	10:55	Y	75	F	Y	Y	N	0	N/A	N	N/A	N/A		MRM	3-Oct-19	EP	13-Oct-19
OtsCC19MCKR	OtsCC19MCKR_1573	128	9/30/2019	McKenzie	Raft & IK	PH,DA	EP,BD	10:15	19:27	7.1	Forrest Glen to Rosborro	1573	10:55	N	70	F	Y	Y	Y	0	N/A	N	N/A	N/A		MRM	3-Oct-19	EP	13-Oct-19
OtsCC19MCKR	OtsCC19MCKR_1574	129	9/30/2019	McKenzie	Raft & IK	PH,DA	EP,BD	10:15	19:27	7.1	Forrest Glen to Rosborro	1574	10:55	Y	75	M	Y	Y	N	N/A	N/A	N	N/A	N/A		MRM	3-Oct-19	EP	13-Oct-19
OtsCC19MCKR	OtsCC19MCKR_1575	130	9/30/2019	McKenzie	Raft & IK	PH,DA	EP,BD	10:15	19:27	7.1	Forrest Glen to Rosborro	1575	10:55	N	74	F	Y	Y	Y	0	N/A	N	N/A	N/A		MRM	3-Oct-19	EP	13-Oct-19
OtsCC19MCKR	OtsCC19MCKR_1576	131	9/30/2019	McKenzie	Raft & IK	PH,DA	EP,BD	10:15	19:27	7.1	Forrest Glen to Rosborro	1576	10:55	N	86	F	Y	Y	Y	0	N/A	N	N/A	N/A		MRM	3-Oct-19	EP	13-Oct-19
OtsCC19MCKR	OtsCC19MCKR_1577	132	9/30/2019	McKenzie	Raft & IK	PH,DA	EP,BD	10:15	19:27	7.1	Forrest Glen to Rosborro	1577	10:55	N	81	M	Y	Y	Y	N/A	N/A	N	N/A	N/A		MRM	3-Oct-19	EP	13-Oct-19
OtsCC19MCKR	OtsCC19MCKR_1578	133	9/30/2019	McKenzie	Raft & IK	PH,DA	EP,BD	10:15	19:27	7.1	Forrest Glen to Rosborro	1578	10:55	N	90	M	Y	Y	Y	N/A	N/A	N	N/A	N/A		MRM	3-Oct-19	EP	13-Oct-19
OtsCC19MCKR	OtsCC19MCKR_1579	134	9/30/2019	McKenzie	Raft & IK	PH,DA	EP,BD	10:15	19:27	7.1	Forrest Glen to Rosborro	1579	10:55	N	76	F	Y	Y	Y	0	N/A	N	N/A	N/A		MRM	3-Oct-19	EP	13-Oct-19
OtsCC19MCKR	OtsCC19MCKR_1580	135	9/30/2019	McKenzie	Raft & IK	PH,DA	EP,BD	10:15	19:27	7.1	Forrest Glen to Rosborro	1580	10:55	N	72	F	Y	Y	Y	0	N/A	N	N/A	N/A		MRM	3-Oct-19	EP	13-Oct-19
OtsCC19MCKR	OtsCC19MCKR_1806	136	9/30/2019	McKenzie	Raft & IK	PH,DA	EP,BD	10:15	19:27	7.1	Forrest Glen to Rosborro	1806	12:15	Y	76	F	Y	Y	N	0	N/A	N	N/A	N/A		MRM	3-Oct-19	EP	13-Oct-19
OtsCC19MCKR	OtsCC19MCKR_1807	137	9/30/2019	McKenzie	Raft & IK	PH,DA	EP,BD	10:15	19:27	7.1	Forrest Glen to Rosborro	1807	12:15	N	82	M	Y	Y	Y	N/A	N/A	N	N/A	N/A		MRM	3-Oct-19	EP	13-Oct-19
OtsCC19MCKR	OtsCC19MCKR_1808	138	9/30/2019	McKenzie	Raft & IK	PH,DA	EP,BD	10:15	19:27	7.1	Forrest Glen to Rosborro	1808	12:15	N	87	M	Y	Y	Y	N/A	N/A	N	N/A	N/A		MRM	3-Oct-19	EP	13-Oct-19
OtsCC19MCKR	OtsCC19MCKR_1809	139	9/30/2019	McKenzie	Raft & IK	PH,DA	EP,BD	10:15	19:27	7.1	Forrest Glen to Rosborro	1809	12:15	N	72	F	Y	Y	Y	0	N/A	N	N/A	N/A		MRM	3-Oct-19	EP	13-Oct-19
OtsCC19MCKR	OtsCC19MCKR_1801	140	9/30/2019	McKenzie	Raft & IK	PH,DA	EP,BD	10:15	19:27	7.1	Forrest Glen to Rosborro	1801	12:15	N	83	F	Y	Y	Y	0	N/A	N	N/A	N/A		MRM	3-Oct-19	EP	13-Oct-19
OtsCC19MCKR	OtsCC19MCKR_1802	141	9/30/2019	McKenzie	Raft & IK	PH,DA	EP,BD	10:15	19:27	7.1	Forrest Glen to Rosborro	1802	12:15	N	90	F	Y	Y	Y	5	N/A	N	N/A	N/A		MRM	3-Oct-19	EP	13-Oct-19
OtsCC19MCKR	OtsCC19MCKR_1803	142	9/30/2019	McKenzie	Raft & IK	PH,DA	EP,BD	10:15	19:27	7.1	Forrest Glen to Rosborro	1803	12:15	Y	77	F	Y	Y	N	0	N/A	N	N/A	N/A		MRM	3-Oct-19	EP	13-Oct-19
OtsCC19MCKR	OtsCC19MCKR_1804	143	9/30/2019	McKenzie	Raft & IK	PH,DA	EP,BD	10:15	19:27	7.1	Forrest Glen to Rosborro	1804	12:15	Y	83	F	Y	Y	N	0	N/A	N	N/A	N/A		MRM	3-Oct-19	EP	13-Oct-19
OtsCC19MCKR	OtsCC19MCKR_1805	144	9/30/2019	McKenzie	Raft & IK	PH,DA	EP,BD	10:15	19:27	7.1	Forrest Glen to Rosborro	1805	12:15	Y	86	M	Y	Y	N	N/A	N/A	N	N/A	N/A		MRM	3-Oct-19	EP	13-Oct-19
OtsCC19MCKR	OtsCC19MCKR_1546	145	9/30/2019	McKenzie	Raft & IK	PH,DA	EP,BD	10:15	19:27	7.1	Forrest Glen to Rosborro	1546	14:36	Y	66	F	Y	Y	N	0	N/A	N	N/A	N/A		MRM	3-Oct-19	EP	13-Oct-19
OtsCC19MCKR	OtsCC19MCKR_1548	146	9/30/2019	McKenzie	Raft & IK	PH,DA	EP,BD	10:15	19:27	7.1	Forrest Glen to Rosborro	1548	14:36	N	68	F	Y	Y	Y	0	N/A	N	N/A	N/A		MRM	3-Oct-19	EP	13-Oct-19
OtsCC19MCKR	OtsCC19MCKR_1549	147	9/30/2019	McKenzie	Raft & IK	PH,DA	EP,BD	10:15	19:27	7.1	Forrest Glen to Rosborro	1549	14:36	N	77	F	Y	Y	Y	0	N/A	N	N/A	N/A		MRM	3-Oct-19	EP	13-Oct-19
OtsCC19MCKR	OtsCC19MCKR_1702	148	9/30/2019	McKenzie	Raft & IK	PH,DA	EP,BD	10:15	19:27	7.1	Forrest Glen to Rosborro	1702	12:00	N	82	F	Y	Y	Y	0	N/A	N	N/A	N/A		MRM	3-Oct-19	EP	13-Oct-19
OtsCC19MCKR	OtsCC19MCKR_1703	149	9/30/2019	McKenzie	Raft & IK	PH,DA	EP,BD	10:15	19:27	7.1	Forrest Glen to Rosborro	1703	12:00	Y	73	F	Y	Y	N	5	N/A	N	N/A	N/A		MRM	3-Oct-19	EP	13-Oct-19
OtsCC19MCKR	OtsCC19MCKR_1704	150	9/30/2019	McKenzie	Raft & IK	PH,DA	EP,BD	10:15	19:27	7.1	Forrest Glen to Rosborro	1704	12:00	N	94	M	Y	N	Y	N/A	N/A	N	N/A	N/A	NO SCALES	MRM	3-Oct-19	EP	13-Oct-19
OtsCC19MCKR	OtsCC19MCKR_1705	151	9/30/2019	McKenzie	Raft & IK	PH,DA	EP,BD	10:15	19:27	7.1	Forrest Glen to Rosborro	1705	12:00	N	79	F	Y	Y	Y	0	N/A	N	N/A	N/A		MRM	3-Oct-19	EP	13-Oct-19
OtsCC19MCKR	OtsCC19MCKR_1706	152	9/30/2019	McKenzie	Raft & IK	PH,DA	EP,BD	10:15	19:27	7.1	Forrest Glen to Rosborro	1706	12:00	N	86	F	Y	Y	Y	0	N/A	N	N/A	N/A		MRM	3-Oct-19	EP	13-Oct-19
OtsCC19MCKR	OtsCC19MCKR_1707	153	9/30/2019	McKenzie	Raft & IK	PH,DA	EP,BD	10:15	19:27	7.1	Forrest Glen to Rosborro	1707	12:00	N	84	F	Y	Y	Y	0	N/A	N	N/A	N/A		MRM	3-Oct-19	EP	13-Oct-19
OtsCC19MCKR	OtsCC19MCKR_1708	154	9/30/2019	McKenzie	Raft & IK	PH,DA	EP,BD	10:15	19:27	7.1	Forrest Glen to Rosborro	1708	12:00	Y	70	F	Y	Y	N	0	N/A	N	N/A	N/A		MRM	3-Oct-19	EP	13-Oct-19
OtsCC19MCKR	OtsCC19MCKR_1709	155	9/30/2019	McKenzie	Raft & IK	PH,DA	EP,BD	10:15	19:27	7.1	Forrest Glen to Rosborro	1709	12:00	Y	75	F	Y	Y	N	0	N/A	N	N/A	N/A		MRM	3-Oct-19	EP	13-Oct-19
OtsCC19MCKR	OtsCC19MCKR_1681	156	9/30/2019	McKenzie	Raft & IK	PH,DA	EP,BD	10:15	19:27	7.1	Forrest Glen to Rosborro	1681	13:15	N	74	F	Y	Y	Y	0	N/A	N	N/A	N/A		MRM	3-Oct-19	EP	13-Oct-19
OtsCC19MCKR	OtsCC19MCKR_1682	157	9/30/2019	McKenzie	Raft & IK	PH,DA	EP,BD	10:15	19:27	7.1	Forrest Glen to Rosborro	1682	13:15	Y	78	M	Y	Y	N	N/A	N/A	N	N/A	N/A	ONLY TWO SCALES	MRM	3-Oct-19	EP	13-Oct-19
OtsCC19MCKR	OtsCC19MCKR_1683	158	9/30/2019	McKenzie	Raft & IK	PH,DA	EP,BD	10:15	19:27	7.1	Forrest Glen to Rosborro	1683	13:15	Y	79	M	Y	Y	N	N/A	N/A	N	N/A	N/A		MRM	3-Oct-19	EP	13-Oct-19
OtsCC19MCKR	OtsCC19MCKR_1684	159	9/30/2019	McKenzie	Raft & IK	PH,DA	EP,BD	10:15	19:27	7.1	Forrest Glen to Rosborro	1684	13:15	Y	73	F	Y	Y	N	0	N/A	N	N/A	N/A		MRM	3-Oct-19	EP	13-Oct-19
OtsCC19MCKR	OtsCC19MCKR_1685	160	9/30/2019	McKenzie	Raft & IK	PH,DA	EP,BD	10:15	19:27	7.1	Forrest Glen to Rosborro	1685	13:15	N	86	F	Y	Y	Y	0	N/A	N	N/A	N/A		MRM	3-Oct-19	EP	13-Oct-19
OtsCC19MCKR	OtsCC19MCKR_1686	161	9/30/2019	McKenzie	Raft & IK	PH,DA	EP,BD	10:15	19:27	7.1	Forrest Glen to Rosborro	1686	13:15	Y	89	M	Y	N	N	N/A	N/A	N	N/A	N/A	NO SCALES	MRM	3-Oct-19	EP	13-Oct-19
OtsCC19MCKR	OtsCC19MCKR_1687	162	9/30/2019	McKenzie	Raft & IK	PH,DA	EP,BD	10:15	19:27	7.1	Forrest Glen to Rosborro	1687	13:15	N	80	M	Y	Y	Y	N/A	N/A	N	N/A	N/A	1 SCALE	MRM	3-Oct-19	EP	13-Oct-19
OtsCC19MCKR	OtsCC19MCKR_1688	163	9/30/2019	McKenzie	Raft & IK	PH,DA	EP,BD	10:15	19:27	7.1	Forrest Glen to Rosborro	1688	13:15	Y	82	F	Y	Y	N	0	N/A	N	N/A	N/A		MRM	3-Oct-19	EP	13-Oct-19
OtsCC19MCKR	OtsCC19MCKR_1690	164	9/30/2019	McKenzie	Raft & IK	PH,DA	EP,BD	10:15	19:27	7.1	Forrest Glen to Rosborro	1690	13:15	N	89	F	Y	Y	Y	5	N/A	N	N/A	N/A		MRM	3-Oct-19	EP	13-Oct-19
OtsCC19MCKR	OtsCC19MCKR_0474	165	9/30/2019	McKenzie	Raft & IK	PH,DA	EP,BD	10:15	19:27	7.1	Forrest Glen to Rosborro	474	13:15	N	80	F	Y	Y	Y	0	N/A	N	N/A	N/A		MRM	3-Oct-19	EP	13-Oct-19
OtsCC19MCKR	OtsCC19MCKR_1550	166	9/30/2019	McKenzie	Raft & IK	PH,DA	EP,BD	10:15	19:27	7.1	Forrest Glen to Rosborro	1550	14:36	N	79	M	Y	Y	Y	N/A	N/A	N	N/A	N/A		MRM	3-Oct-19	EP	13-Oct-19
OtsCC19MCKR	OtsCC19MCKR_1481	167	9/30/2019	McKenzie	Raft & IK	PH,DA	EP,BD	10:15	19:27	7.1	Forrest Glen to Rosborro	1481	14:36	N	78	F	Y	Y	Y	0	N/A	N	N/A	N/A		MRM	3-Oct-19	EP	13-Oct-19
OtsCC19MCKR	OtsCC19MCKR_1482	168	9/30/2019	McKenzie	Raft & IK	PH,DA	EP,BD	10:15	19:27	7.1	Forrest Glen to Rosborro	1482	14:36	Y	80	F	Y	Y	N	0	N/A	N	N/A	N/A		MRM	3-Oct-19	EP	13-Oct-19
OtsCC19MCKR	OtsCC19MCKR_1484	169	9/30/2019	McKenzie	Raft & IK	PH,DA	EP,BD	10:15	19:27	7.1	Forrest Glen to Rosborro	1484	14:36	N	88	M	Y	Y	Y	N/A	N/A	N	N/A	N/A		MRM	3-Oct-19	EP	13-Oct-19
OtsCC19MCKR	OtsCC19MCKR_1485	170	9/30/2019	McKenzie	Raft & IK	PH,DA	EP,BD	10:15	19:27	7.1	Forrest Glen to Rosborro	1485	14:36	N	79	M	Y	Y	Y	N/A	N/A	N	N/A	N/A		MRM	3-Oct-19	EP	13-Oct-19
OtsCC19MCKR	OtsCC19MCKR_1721	171	9/30/2019	McKenzie	Raft & IK	PH,DA	EP,BD	10:15	19:27	7.1	Forrest Glen to Rosborro	1721	14:36	N	74	F	Y	Y	Y	0	N/A	N	N/A	N/A		MRM	3-Oct-19	EP	13-Oct-19
OtsCC19MCKR	OtsCC19MCKR_1722	172	9/30/2019	McKenzie	Raft & IK	PH,DA	EP,BD	10:15	19:27	7.1	Forrest Glen to Rosborro	1722	14:36	Y	68	F	Y	Y	N	0	N/A	N	N/A	N/A		MRM	3-Oct-19	EP	13-Oct-19
OtsCC19MCKR	OtsCC19MCKR_1723	173	9/30/2019	McKenzie	Raft & IK	PH,DA	EP,BD	10:15	19:27	7.1	Forrest Glen to Rosborro	1723	14:36	N	80	F	Y	Y	Y	0	N/A	N	N/A	N/A		MRM	3-Oct-19	EP	13-Oct-19
OtsCC19MCKR	OtsCC19MCKR_1725	174	9/30/2019	McKenzie	Raft & IK	PH,DA	EP,BD	10:15	19:27	7.1	Forrest Glen to Rosborro	1725	14:36	Y	80	F	Y	Y	N	0	N/A	N	N/A	N/A		MRM	3-Oct-19	EP	13-Oct-19
OtsCC19MCKR	OtsCC19MCKR_1726	175	9/30/2019	McKenzie	Raft & IK	PH,DA	EP,BD	10:15	19:27	7.1	Forrest Glen to Rosborro	1726	14:36	N	78	F	Y	Y	Y	0	N/A	N	N/A	N/A		MRM	3-Oct-19	EP	13-Oct-19
OtsCC19MCKR	OtsCC19MCKR_1727	176	9/30/2019	McKenzie	Raft & IK	PH,DA	EP,BD	10:15	19:27	7.1	Forrest Glen to Rosborro	1727	14:36	Y	82	F	Y	Y	N	10	N/A	N	N/A	N/A		MRM	3-Oct-19	EP	13-Oct-19
OtsCC19MCKR	OtsCC19MCKR_1728	177	9/30/2019	McKenzie	Raft & IK	PH,DA	EP,BD	10:15	19:27	7.1	Forrest Glen to Rosborro	1728	14:36	Y	71	F	Y	Y	N	0	N/A	N	N/A	N/A		MRM	3-Oct-19	EP	13-Oct-19
OtsCC19MCKR	OtsCC19MCKR_1729	178	9/30/2019	McKenzie	Raft & IK	PH,DA	EP,BD	10:15	19:27	7.1	Forrest Glen to Rosborro	1729	14:36	Y	79	F	Y	Y	N	0	N/A	N	N/A	N/A		MRM	3-Oct-19	EP	13-Oct-19
OtsCC19MCKR	OtsCC19MCKR_1730	179	9/30/2019	McKenzie	Raft & IK	PH,DA	EP,BD	10:15	19:27	7.1	Forrest Glen to Rosborro	1730	14:36	Y	82	F	Y	Y	N	0	N/A	N	N/A	N/A		MRM	3-Oct-19	EP	13-Oct-19
OtsCC19MCKR	OtsCC19MCKR_1371	180	9/30/2019	McKenzie	Raft & IK	PH,DA	EP,BD	10:15	19:27	7.1	Forrest Glen to Rosborro	1371	18:20	N	74	M	Y	Y	Y	N/A	N/A	N	N/A	N/A		MRM	3-Oct-19	EP	13-Oct-19
OtsCC19MCKR	OtsCC19MCKR_1372	181	9/30/2019	McKenzie	Raft & IK	PH,DA	EP,BD	10:15	19:27	7.1	Forrest Glen to Rosborro	1372	18:20	N	78	F	Y	Y	Y	0	N/A	N	N/A	N/A	one otolith	MRM	3-Oct-19	EP	13-Oct-19
OtsCC19MCKR	OtsCC19MCKR_1373	182	9/30/2019	McKenzie	Raft & IK	PH,DA	EP,BD	10:15	19:27	7.1	Forrest Glen to Rosborro	1373	18:20	N	70	M	Y	Y	Y	N/A	N/A	N	N/A	N/A		MRM	3-Oct-19	EP	13-Oct-19
OtsCC19MCKR	OtsCC19MCKR_1374	183	9/30/2019	McKenzie	Raft & IK	PH,DA	EP,BD	10:15	19:27	7.1	Forrest Glen to Rosborro	1374	18:20	N	69	M	Y	Y	Y	N/A	N/A	N	N/A	N/A		MRM	3-Oct-19	EP	13-Oct-19
OtsCC19MCKR	OtsCC19MCKR_1375	184	9/30/2019	McKenzie	Raft & IK	PH,DA	EP,BD	10:15	19:27	7.1	Forrest Glen to Rosborro	1375	18:20	Y	60	F	Y	Y	N	0	N/A	N	N/A	N/A		MRM	3-Oct-19	EP	13-Oct-19
OtsCC19MCKR	OtsCC19MCKR_1376	185	9/30/2019	McKenzie	Raft & IK	PH,DA	EP,BD	10:15	19:27	7.1	Forrest Glen to Rosborro	1376	18:30	Y	76	F	Y	Y	N	5	N/A	N	N/A	N/A		MRM	3-Oct-19	EP	13-Oct-19
OtsCC19MCKR	OtsCC19MCKR_1377	186	9/30/2019	McKenzie	Raft & IK	PH,DA	EP,BD	10:15	19:27	7.1	Forrest Glen to Rosborro	1377	18:44	N	99	M	Y	Y	Y	N/A	N/A	N	N/A	N/A		MRM	3-Oct-19	EP	13-Oct-19
OtsCC19MCKR	OtsCC19MCKR_1378	187	9/30/2019	McKenzie	Raft & IK	PH,DA	EP,BD	10:15	19:27	7.1	Forrest Glen to Rosborro	1378	18:44	N	78	F	Y	Y	Y	0	N/A	N	N/A	N/A		MRM	3-Oct-19	EP	13-Oct-19
OtsCC19MCKR	OtsCC19MCKR_1379	188	9/30/2019	McKenzie	Raft & IK	PH,DA	EP,BD	10:15	19:27	7.1	Forrest Glen to Rosborro	1379	18:52	N	84	F	Y	Y	N	0	N/A	N	N/A	N/A	couldn’t recover otoliths- (changed OTOLITH Y to N MRM31oct19)	MRM	3-Oct-19	EP	13-Oct-19
OtsCC19MCKR	OtsCC19MCKR_1380	189	9/30/2019	McKenzie	Raft & IK	PH,DA	EP,BD	10:15	19:27	7.1	Forrest Glen to Rosborro	1380	18:52	N	87	M	Y	Y	Y	0	N/A	N	N/A	N/A		MRM	3-Oct-19	EP	13-Oct-19
OtsCC19MCKR	OtsCC19MCKR_1421	190	9/30/2019	McKenzie	Raft & IK	PH,DA	EP,BD	10:15	19:27	7.1	Forrest Glen to Rosborro	1421	19:00	N	81	F	Y	Y	Y	0	N/A	N	N/A	N/A	only one otolith	MRM	3-Oct-19	EP	13-Oct-19
OtsCC19MCKR	OtsCC19MCKR_1422	191	9/30/2019	McKenzie	Raft & IK	PH,DA	EP,BD	10:15	19:27	7.1	Forrest Glen to Rosborro	1422	19:00	N	80	M	Y	Y	Y	N/A	N/A	N	N/A	N/A	only one otolith	MRM	3-Oct-19	EP	13-Oct-19
OtsCC19MCKR	OtsCC19MCKR_1423	192	9/30/2019	McKenzie	Raft & IK	PH,DA	EP,BD	10:15	19:27	7.1	Forrest Glen to Rosborro	1423	19:00	N	80	F	Y	Y	Y	0	N/A	N	N/A	N/A		MRM	3-Oct-19	EP	13-Oct-19
OtsCC19MCKR	OtsCC19MCKR_1424	193	9/30/2019	McKenzie	Raft & IK	PH,DA	EP,BD	10:15	19:27	7.1	Forrest Glen to Rosborro	1424	19:15	N	85	F	Y	Y	Y	0	N/A	N	N/A	N/A		MRM	3-Oct-19	EP	13-Oct-19
OtsCC19MCKR	OtsCC19MCKR_1425	194	9/30/2019	McKenzie	Raft & IK	PH,DA	EP,BD	10:15	19:27	7.1	Forrest Glen to Rosborro	1425	19:20	N	87	F	Y	Y	Y	0	N/A	N	N/A	N/A		MRM	3-Oct-19	EP	13-Oct-19
OtsCC19MCKR	OtsCC19MCKR_1426	195	9/30/2019	McKenzie	Raft & IK	PH,DA	EP,BD	10:15	19:27	7.1	Forrest Glen to Rosborro	1426	19:20	Y	93	F	Y	Y	N	0	N/A	N	N/A	N/A		MRM	3-Oct-19	EP	13-Oct-19
OtsCC19MCKR	OtsCC19MCKR_1427	196	9/30/2019	McKenzie	Raft & IK	PH,DA	EP,BD	10:15	19:27	7.1	Forrest Glen to Rosborro	1427	19:25	N	82	F	Y	Y	Y	0	N/A	N	N/A	N/A	only one otolith	MRM	3-Oct-19	EP	13-Oct-19
OtsCC19MCKR	OtsCC19MCKR_1428	197	9/30/2019	McKenzie	Raft & IK	PH,DA	EP,BD	10:15	19:27	7.1	Forrest Glen to Rosborro	1428	19:25	Y	83	M	Y	Y	N	N/A	N/A	N	N/A	N/A		MRM	3-Oct-19	EP	13-Oct-19
OtsCC19MCKR	OtsCC19MCKR_1429	198	9/30/2019	McKenzie	Raft & IK	PH,DA	EP,BD	10:15	19:27	7.1	Forrest Glen to Rosborro	1429	19:27	Y	90	M	Y	Y	N	N/A	N/A	N	N/A	N/A		MRM	3-Oct-19	EP	13-Oct-19
OtsCC19MCKR	OtsCC19MCKR_1121	199	9/30/2019	McKenzie	Raft & IK	PH,DA	EP,BD	10:15	19:27	7.1	Forrest Glen to Rosborro	1121	18:55	Y	83	F	Y	Y	N	0	N/A	N	N/A	N/A		MRM	3-Oct-19	EP	13-Oct-19
OtsCC19MCKR	OtsCC19MCKR_1122	200	9/30/2019	McKenzie	Raft & IK	PH,DA	EP,BD	10:15	19:27	7.1	Forrest Glen to Rosborro	1122	18:55	Y	80	F	Y	Y	N	0	N/A	N	N/A	N/A		MRM	3-Oct-19	EP	13-Oct-19
OtsCC19MCKR	OtsCC19MCKR_1123	201	9/30/2019	McKenzie	Raft & IK	PH,DA	EP,BD	10:15	19:27	7.1	Forrest Glen to Rosborro	1123	18:55	N	81	F	Y	Y	Y	0	N/A	N	N/A	N/A		MRM	3-Oct-19	EP	13-Oct-19
OtsCC19MCKR	OtsCC19MCKR_1124	202	9/30/2019	McKenzie	Raft & IK	PH,DA	EP,BD	10:15	19:27	7.1	Forrest Glen to Rosborro	1124	18:55	N	85	F	Y	Y	Y	0	N/A	N	N/A	N/A		MRM	3-Oct-19	EP	13-Oct-19
OtsCC19MCKR	OtsCC19MCKR_1125	203	9/30/2019	McKenzie	Raft & IK	PH,DA	EP,BD	10:15	19:27	7.1	Forrest Glen to Rosborro	1125	18:55	N	90	M	Y	N	Y	N/A	N/A	N	N/A	N/A	NO SCALES	MRM	3-Oct-19	EP	13-Oct-19
OtsCC19MCKR	OtsCC19MCKR_1126	204	9/30/2019	McKenzie	Raft & IK	PH,DA	EP,BD	10:15	19:27	7.1	Forrest Glen to Rosborro	1126	18:55	N	79	F	Y	Y	Y	0	N/A	N	N/A	N/A	only 3 scales	MRM	3-Oct-19	EP	13-Oct-19
OtsCC19MCKR	OtsCC19MCKR_1127	205	9/30/2019	McKenzie	Raft & IK	PH,DA	EP,BD	10:15	19:27	7.1	Forrest Glen to Rosborro	1127	18:55	Y	82	M	Y	Y	N	N/A	N/A	N	N/A	N/A		MRM	3-Oct-19	EP	13-Oct-19
OtsCC19MCKR	OtsCC19MCKR_1128	206	9/30/2019	McKenzie	Raft & IK	PH,DA	EP,BD	10:15	19:27	7.1	Forrest Glen to Rosborro	1128	18:55	Y	80	F	Y	Y	N	5	N/A	N	N/A	N/A		MRM	3-Oct-19	EP	13-Oct-19
OtsCC19MCKR	OtsCC19MCKR_1129	207	9/30/2019	McKenzie	Raft & IK	PH,DA	EP,BD	10:15	19:27	7.1	Forrest Glen to Rosborro	1129	18:55	N	87	M	Y	Y	Y	N/A	N/A	N	N/A	N/A		MRM	3-Oct-19	EP	13-Oct-19
OtsCC19MCKR	OtsCC19MCKR_1130	208	9/30/2019	McKenzie	Raft & IK	PH,DA	EP,BD	10:15	19:27	7.1	Forrest Glen to Rosborro	1130	18:55	N	94	M	Y	Y	Y	N/A	N/A	N	N/A	N/A	only 3 scales	MRM	3-Oct-19	EP	13-Oct-19
OtsCC19MCKR	OtsCC19MCKR_1486	209	9/30/2019	McKenzie	Raft & IK	PH,DA	EP,BD	10:15	19:27	7.1	Forrest Glen to Rosborro	1486	18:55	N	101	M	Y	N	Y	N/A	N/A	N	N/A	N/A		MRM	3-Oct-19	EP	13-Oct-19
OtsCC19MCKR	OtsCC19MCKR_2001	210	9/30/2019	McKenzie	Raft	MRM,CZ	MP,BL	10:15	12:50	8.4	Helfrich to Leaburg Lake	2001	12:30	Y	70	M	Y	Y	N	N/A	N/A	N	N/A	N/A		MRM	3-Oct-19	EP	13-Oct-19
OtsCC19MCKR	OtsCC19MCKR_2002	211	9/30/2019	McKenzie	Raft	MRM,CZ	MP,BL	10:15	12:50	8.4	Helfrich to Leaburg Lake	2002	12:35	N	92	M	Y	Y	Y	N/A	N/A	N	N/A	N/A		MRM	3-Oct-19	EP	13-Oct-19
OtsCC19MCKR	OtsCC19MCKR_2003	212	9/30/2019	McKenzie	Raft	MRM,CZ	MP,BL	10:15	12:50	8.4	Helfrich to Leaburg Lake	2003	12:40	Y	74	F	Y	Y	N	0	N/A	N	N/A	N/A		MRM	3-Oct-19	EP	13-Oct-19
OtsCC19MCKR	OtsCC19MCKR_2004	213	9/30/2019	McKenzie	Raft	MRM,CZ	MP,BL	10:15	12:50	8.4	Helfrich to Leaburg Lake	2004	12:45	Y	63	M	Y	Y	N	N/A	N/A	N	N/A	N/A		MRM	3-Oct-19	EP	13-Oct-19
OtsCC19MCKR	OtsCC19MCKR_2005	214	9/30/2019	McKenzie	Raft	MRM,CZ	MP,BL	10:15	12:50	8.4	Helfrich to Leaburg Lake	2005	12:50	Y	82	F	Y	Y	N	0	N/A	N	N/A	N/A		MRM	3-Oct-19	EP	13-Oct-19
OtsCC19MCKR	OtsCC19MCKR_2025	215	9/30/2019	McKenzie	Raft	MRM,CZ	MP,BL	13:09	16:36	9.0	Leaburg Dam to Leaburg Landing	2025	13:30	Y	87	F	Y	Y	N	0	N/A	N	N/A	N/A		MRM	3-Oct-19	EP	13-Oct-19
OtsCC19MCKR	OtsCC19MCKR_2026	216	9/30/2019	McKenzie	Raft	MRM,CZ	MP,BL	13:09	16:36	9.0	Leaburg Dam to Leaburg Landing	2026	13:30	Y	82	F	Y	Y	N	10	N/A	N	N/A	N/A		MRM	3-Oct-19	EP	13-Oct-19
OtsCC19MCKR	OtsCC19MCKR_2027	217	9/30/2019	McKenzie	Raft	MRM,CZ	MP,BL	13:09	16:36	9.0	Leaburg Dam to Leaburg Landing	2027	16:00	Y	86	M	Y	Y	N	N/A	N/A	N	N/A	N/A		MRM	3-Oct-19	EP	13-Oct-19
OtsCC19MCKR	OtsCC19MCKR_2028	218	9/30/2019	McKenzie	Raft	MRM,CZ	MP,BL	13:09	16:36	9.0	Leaburg Dam to Leaburg Landing	2028	16:00	Y	81	F	Y	Y	N	0	N/A	N	N/A	N/A	Misclipped adipose fin	MRM	3-Oct-19	EP	13-Oct-19
OtsCC19MCKR	OtsCC19MCKR_2024	219	9/30/2019	McKenzie	Raft	MRM,CZ	MP,BL	13:09	16:36	9.0	Leaburg Dam to Leaburg Landing	2024	16:00	Y	85	F	Y	Y	N	0	N/A	N	N/A	N/A		MRM	3-Oct-19	EP	13-Oct-19
OtsCC19MCKR	OtsCC19MCKR_2159	220	9/30/2019	McKenzie	Raft	MRM,CZ	MP,BL	13:09	16:36	9.0	Leaburg Dam to Leaburg Landing	2159	16:00	Y	67	M	Y	Y	N	N/A	N/A	N	N/A	N/A		MRM	3-Oct-19	EP	13-Oct-19
OtsCC19MCKR	OtsCC19MCKR_2029	221	9/30/2019	McKenzie	Raft	MRM,CZ	MP,BL	13:09	16:36	9.0	Leaburg Dam to Leaburg Landing	2029	16:00	Y	76	F	Y	N	N	0	19P_7902	N	N/A	N/A		MRM	3-Oct-19	EP	13-Oct-19
OtsCC19MCKR	OtsCC19MCKR_2032	222	9/30/2019	McKenzie	Raft	MRM,CZ	MP,BL	13:09	16:36	9.0	Leaburg Dam to Leaburg Landing	2032	13:30	Y	77	F	Y	Y	N	40	N/A	N	N/A	N/A		MRM	3-Oct-19	EP	13-Oct-19
OtsCC19MCKR	OtsCC19MCKR_2033	223	9/30/2019	McKenzie	Raft	MRM,CZ	MP,BL	13:09	16:36	9.0	Leaburg Dam to Leaburg Landing	2033	13:30	N	87	M	Y	Y	Y	N/A	N/A	N	N/A	N/A		MRM	3-Oct-19	EP	13-Oct-19
OtsCC19MCKR	OtsCC19MCKR_2034	224	9/30/2019	McKenzie	Raft	MRM,CZ	MP,BL	13:09	16:36	9.0	Leaburg Dam to Leaburg Landing	2034	13:30	Y	76	F	Y	Y	N	0	N/A	N	N/A	N/A	Misclipped adipose fin	MRM	3-Oct-19	EP	13-Oct-19
OtsCC19MCKR	OtsCC19MCKR_2035	225	9/30/2019	McKenzie	Raft	MRM,CZ	MP,BL	13:09	16:36	9.0	Leaburg Dam to Leaburg Landing	2035	14:00	Y	78	F	Y	Y	N	15	N/A	N	N/A	N/A		MRM	3-Oct-19	EP	13-Oct-19
OtsCC19MCKR	OtsCC19MCKR_2036	226	9/30/2019	McKenzie	Raft	MRM,CZ	MP,BL	13:09	16:36	9.0	Leaburg Dam to Leaburg Landing	2036	14:00	Y	89	F	Y	Y	N	25	N/A	N	N/A	N/A	Misclipped adipose fin	MRM	3-Oct-19	EP	13-Oct-19
OtsCC19MCKR	OtsCC19MCKR_2037	227	9/30/2019	McKenzie	Raft	MRM,CZ	MP,BL	13:09	16:36	9.0	Leaburg Dam to Leaburg Landing	2037	15:40	N	94	M	Y	Y	Y	N/A	N/A	N	N/A	N/A		MRM	3-Oct-19	EP	13-Oct-19
OtsCC19MCKR	OtsCC19MCKR_2030	228	9/30/2019	McKenzie	Raft	MRM,CZ	MP,BL	13:09	16:36	9.0	Leaburg Dam to Leaburg Landing	2030	16:00	Y	69	F	Y	Y	N	0	19P_7975	N	N/A	N/A		MRM	3-Oct-19	EP	13-Oct-19
OtsCC19MCKR	OtsCC19MCKR_2031	229	9/30/2019	McKenzie	Raft	MRM,CZ	MP,BL	13:09	16:36	9.0	Leaburg Dam to Leaburg Landing	2031	13:30	Y	79	F	Y	Y	N	0	19P_7976	N	N/A	N/A		MRM	3-Oct-19	EP	13-Oct-19
OtsCC19MCKR	OtsCC19MCKR_1984	230	9/30/2019	McKenzie	Raft & IK	PH,DA,BL,BD	EP,BD,CZ,MRM,MP	17:30	19:10	10.8	Rosborro to Ben and Kay	1984	19:00	Y	77	F	N	Y	N	0	19P_7903	N	N/A	N/A	CWT 19P_7903	MRM	3-Oct-19	EP	13-Oct-19
OtsCC19MCKR	OtsCC19MCKR_1989	231	9/30/2019	McKenzie	Raft & IK	PH,DA,BL,BD	EP,BD,CZ,MRM,MP	17:30	19:10	10.8	Rosborro to Ben and Kay	1989	19:00	Y	72	M	Y	Y	N	N/A	19P_7904	N	N/A	N/A	CWT 19P_7904	MRM	3-Oct-19	EP	13-Oct-19
OtsCC19MCKR	OtsCC19MCKR_1301	232	9/30/2019	McKenzie	Raft & IK	PH,DA,BL,BD	EP,BD,CZ,MRM,MP	17:30	19:10	10.8	Rosborro to Ben and Kay	1301	18:35	N	75	F	Y	Y	Y	0	N/A	N	N/A	N/A		MRM	3-Oct-19	EP	13-Oct-19
OtsCC19MCKR	OtsCC19MCKR_1302	233	9/30/2019	McKenzie	Raft & IK	PH,DA,BL,BD	EP,BD,CZ,MRM,MP	17:30	19:10	10.8	Rosborro to Ben and Kay	1302	18:35	N	87	M	Y	Y	Y	N/A	N/A	N	N/A	N/A		MRM	3-Oct-19	EP	13-Oct-19
OtsCC19MCKR	OtsCC19MCKR_1303	234	9/30/2019	McKenzie	Raft & IK	PH,DA,BL,BD	EP,BD,CZ,MRM,MP	17:30	19:10	10.8	Rosborro to Ben and Kay	1303	18:35	N	88	M	Y	Y	Y	N/A	N/A	N	N/A	N/A		MRM	3-Oct-19	EP	13-Oct-19
OtsCC19MCKR	OtsCC19MCKR_1304	235	9/30/2019	McKenzie	Raft & IK	PH,DA,BL,BD	EP,BD,CZ,MRM,MP	17:30	19:10	10.8	Rosborro to Ben and Kay	1304	18:35	N	97	M	Y	Y	Y	N/A	N/A	N	N/A	N/A		MRM	3-Oct-19	EP	13-Oct-19
OtsCC19MCKR	OtsCC19MCKR_1305	236	9/30/2019	McKenzie	Raft & IK	PH,DA,BL,BD	EP,BD,CZ,MRM,MP	17:30	19:10	10.8	Rosborro to Ben and Kay	1305	18:35	N	79	M	Y	Y	Y	N/A	N/A	N	N/A	N/A		MRM	3-Oct-19	EP	13-Oct-19
OtsCC19MCKR	OtsCC19MCKR_1306	237	9/30/2019	McKenzie	Raft & IK	PH,DA,BL,BD	EP,BD,CZ,MRM,MP	17:30	19:10	10.8	Rosborro to Ben and Kay	1306	18:35	N	69	M	Y	N	Y	N/A	N/A	N	N/A	N/A		MRM	3-Oct-19	EP	13-Oct-19
OtsCC19MCKR	OtsCC19MCKR_1995	238	9/30/2019	McKenzie	Raft & IK	PH,DA,BL,BD	EP,BD,CZ,MRM,MP	17:30	19:10	10.8	Rosborro to Ben and Kay	1995	19:00	N	75	F	Y	Y	Y	0	N/A	N	N/A	N/A		MRM	3-Oct-19	EP	13-Oct-19
OtsCC19MCKR	OtsCC19MCKR_1983	239	9/30/2019	McKenzie	Raft & IK	PH,DA,BL,BD	EP,BD,CZ,MRM,MP	17:30	19:10	10.8	Rosborro to Ben and Kay	1983	19:00	N	81	M	Y	Y	Y	N/A	N/A	N	N/A	N/A		MRM	3-Oct-19	EP	13-Oct-19
OtsCC19MCKR	OtsCC19MCKR_1982	240	9/30/2019	McKenzie	Raft & IK	PH,DA,BL,BD	EP,BD,CZ,MRM,MP	17:30	19:10	10.8	Rosborro to Ben and Kay	1982	19:00	Y	77	F	Y	Y	N	0	N/A	N	N/A	N/A		MRM	3-Oct-19	EP	13-Oct-19
OtsCC19MCKR	OtsCC19MCKR_1985	241	9/30/2019	McKenzie	Raft & IK	PH,DA,BL,BD	EP,BD,CZ,MRM,MP	17:30	19:10	10.8	Rosborro to Ben and Kay	1985	19:00	N	89	F	Y	Y	Y	0	N/A	N	N/A	N/A		MRM	3-Oct-19	EP	13-Oct-19
OtsCC19MCKR	OtsCC19MCKR_1993	242	9/30/2019	McKenzie	Raft & IK	PH,DA,BL,BD	EP,BD,CZ,MRM,MP	17:30	19:10	10.8	Rosborro to Ben and Kay	1993	19:00	N	89	M	Y	Y	Y	N/A	N/A	N	N/A	N/A		MRM	3-Oct-19	EP	13-Oct-19
OtsCC19MCKR	OtsCC19MCKR_1487	243	10/1/2019	McKenzie	Raft	PH	CZ	10:45	15:10	6.5	McKenzie Bridge to Hamlin	1487	11:57	N	75	F	Y	Y	Y	100	N/A	N	N/A	N/A		MRM	13-Oct-19	EP	13-Oct-19
OtsCC19MCKR	OtsCC19MCKR_1715	244	10/1/2019	McKenzie	Raft	PH	CZ	10:45	15:10	6.5	McKenzie Bridge to Hamlin	1715	12:20	N	84	M	Y	Y	Y	N/A	N/A	N	N/A	N/A		MRM	13-Oct-19	EP	13-Oct-19
OtsCC19MCKR	OtsCC19MCKR_1716	245	10/1/2019	McKenzie	Raft	PH	CZ	10:45	15:10	6.5	McKenzie Bridge to Hamlin	1716	12:20	N	96	M	Y	Y	Y	N/A	N/A	N	N/A	N/A		MRM	13-Oct-19	EP	13-Oct-19
OtsCC19MCKR	OtsCC19MCKR_1717	246	10/1/2019	McKenzie	Raft	PH	CZ	10:45	15:10	6.5	McKenzie Bridge to Hamlin	1717	12:20	N	82	F	Y	Y	Y	0	N/A	N	N/A	N/A		MRM	13-Oct-19	EP	13-Oct-19
OtsCC19MCKR	OtsCC19MCKR_1718	247	10/1/2019	McKenzie	Raft	PH	CZ	10:45	15:10	6.5	McKenzie Bridge to Hamlin	1718	12:20	N	102	M	Y	Y	Y	N/A	N/A	N	N/A	N/A		MRM	13-Oct-19	EP	13-Oct-19
OtsCC19MCKR	OtsCC19MCKR_1719	248	10/1/2019	McKenzie	Raft	PH	CZ	10:45	15:10	6.5	McKenzie Bridge to Hamlin	1719	12:20	Y	79	F	Y	Y	N	0	N/A	N	N/A	N/A		MRM	13-Oct-19	EP	13-Oct-19
OtsCC19MCKR	OtsCC19MCKR_1488	249	10/1/2019	McKenzie	Raft	PH	CZ	10:45	15:10	6.5	McKenzie Bridge to Hamlin	1488	13:45	N	77	F	Y	Y	Y	0	N/A	N	N/A	N/A		MRM	13-Oct-19	EP	13-Oct-19
OtsCC19MCKR	OtsCC19MCKR_1720	250	10/1/2019	McKenzie	Raft	PH	CZ	10:45	15:10	6.5	McKenzie Bridge to Hamlin	1720	14:00	Y	72	UNKNOWN	Y	Y	N	UNKNOWN	N/A	N	N/A	N/A		MRM	13-Oct-19	EP	13-Oct-19
OtsCC19MCKR	OtsCC19MCKR_1489	251	10/1/2019	McKenzie	Raft	PH	CZ	10:45	15:10	6.5	McKenzie Bridge to Hamlin	1489	14:10	N	75	M	Y	Y	Y	N/A	N/A	N	N/A	N/A		MRM	13-Oct-19	EP	13-Oct-19
OtsCC19MCKR	OtsCC19MCKR_1468	252	10/1/2019	McKenzie	Raft	PH	CZ	10:45	15:10	6.5	McKenzie Bridge to Hamlin	1468	14:20	N	78	M	Y	Y	Y	N/A	N/A	N	N/A	N/A		MRM	13-Oct-19	EP	13-Oct-19
OtsCC19MCKR	OtsCC19MCKR_1469	253	10/1/2019	McKenzie	Raft	PH	CZ	10:45	15:10	6.5	McKenzie Bridge to Hamlin	1469	14:20	N	79	F	Y	Y	Y	0	N/A	N	N/A	N/A		MRM	13-Oct-19	EP	13-Oct-19
OtsCC19MCKR	OtsCC19MCKR_1470	254	10/1/2019	McKenzie	Raft	PH	CZ	10:45	15:10	6.5	McKenzie Bridge to Hamlin	1470	14:20	Y	72	M	Y	Y	N	N/A	N/A	N	N/A	N/A		MRM	13-Oct-19	EP	13-Oct-19
OtsCC19MCKR	OtsCC19MCKR_1351	255	10/1/2019	McKenzie	Raft	PH	CZ	10:45	15:10	6.5	McKenzie Bridge to Hamlin	1351	14:30	N	84	M	Y	Y	Y	N/A	N/A	N	N/A	N/A		MRM	13-Oct-19	EP	13-Oct-19
OtsCC19MCKR	OtsCC19MCKR_1467	256	10/1/2019	McKenzie	Raft	PH	CZ	10:45	15:10	6.5	McKenzie Bridge to Hamlin	1467	14:40	Y	80	M	Y	Y	N	N/A	N/A	N	N/A	N/A		MRM	13-Oct-19	EP	13-Oct-19
OtsCC19MCKR	OtsCC19MCKR_0477	257	10/1/2019	McKenzie	Raft	BL	EP	12:18	13:45	7.6	Belknap to Paradise	477	13:30	N	79	F	Y	Y	Y	0	N/A	N	N/A	N/A		MRM	13-Oct-19	EP	13-Oct-19
OtsCC19MCKR	OtsCC19MCKR_0478	258	10/1/2019	McKenzie	Raft	BL	EP	12:18	13:45	7.6	Belknap to Paradise	478	13:30	N	82	F	Y	Y	Y	5	N/A	N	N/A	N/A		MRM	13-Oct-19	EP	13-Oct-19
OtsCC19MCKR	OtsCC19MCKR_0479	259	10/1/2019	McKenzie	Raft	BL	EP	12:18	13:45	7.6	Belknap to Paradise	479	13:30	N	78	F	Y	Y	Y	0	N/A	N	N/A	N/A		MRM	13-Oct-19	EP	13-Oct-19
OtsCC19MCKR	OtsCC19MCKR_0480	260	10/1/2019	McKenzie	Raft	BL	EP	12:18	13:45	7.6	Belknap to Paradise	480	13:30	N	84	M	Y	Y	Y	N/A	N/A	N	N/A	N/A	HEAD SEPARATED ESTMATED FORK LENGTH	MRM	13-Oct-19	EP	13-Oct-19
OtsCC19MCKR	OtsCC19MCKR_1326	261	10/1/2019	McKenzie	Raft	BL	EP	13:45	16:45	7.8	Paradise to McKenzie Trail	1326	16:25	N	87	M	Y	Y	Y	N/A	N/A	N	N/A	N/A	BROKEN OTOLITH	MRM	13-Oct-19	EP	13-Oct-19
OtsCC19MCKR	OtsCC19MCKR_1327	262	10/1/2019	McKenzie	Raft	BL	EP	13:45	16:45	7.8	Paradise to McKenzie Trail	1327	15:25	N	74	F	Y	Y	Y	0	N/A	N	N/A	N/A		MRM	13-Oct-19	EP	13-Oct-19
OtsCC19MCKR	OtsCC19MCKR_1328	263	10/1/2019	McKenzie	Raft	BL	EP	13:45	16:45	7.8	Paradise to McKenzie Trail	1328	15:25	N	82	F	Y	Y	Y	0	N/A	N	N/A	N/A		MRM	13-Oct-19	EP	13-Oct-19
OtsCC19MCKR	OtsCC19MCKR_1329	264	10/1/2019	McKenzie	Raft	BL	EP	14:45	16:00	7.1	McKenzie Trail to McKenzie Bridge	1329	15:25	N	77	F	Y	Y	Y	0	N/A	N	N/A	N/A		MRM	13-Oct-19	EP	13-Oct-19
OtsCC19MCKR	OtsCC19MCKR_1710	265	10/1/2019	McKenzie	Raft	BL	EP	14:45	16:00	7.1	McKenzie Trail to McKenzie Bridge	1710	15:25	N	74	F	Y	Y	Y	0	N/A	N	N/A	N/A		MRM	13-Oct-19	EP	13-Oct-19
OtsCC19MCKR	OtsCC19MCKR_0476	266	10/1/2019	McKenzie	Raft	BL	EP	14:45	16:00	7.1	McKenzie Trail to McKenzie Bridge	476	15:25	N	87	F	Y	Y	Y	0	N/A	N	N/A	N/A		MRM	13-Oct-19	EP	13-Oct-19
OtsCC19MCKR	OtsCC19MCKR_1370	267	10/1/2019	McKenzie	Raft	BL	EP	14:45	16:00	7.1	McKenzie Trail to McKenzie Bridge	1370	15:25	N	82	F	Y	Y	Y	0	N/A	N	N/A	N/A		MRM	13-Oct-19	EP	13-Oct-19
OtsCC19MCKR	OtsCC19MCKR_1461	268	10/1/2019	McKenzie	Raft	PH	CZ	15:25	16:38	12.0	South Fork McKenzie to Forrest Glen	1461	16:30	N	81	F	Y	Y	Y	0	N/A	N	N/A	N/A		MRM	13-Oct-19	EP	13-Oct-19
OtsCC19MCKR	OtsCC19MCKR_1462	269	10/1/2019	McKenzie	Raft	PH	CZ	15:25	16:38	12.0	South Fork McKenzie to Forrest Glen	1462	16:30	N	75	M	Y	Y	Y	N/A	N/A	N	N/A	N/A	DNA FROM PECTORAL FIN	MRM	13-Oct-19	EP	13-Oct-19
OtsCC19MCKR	OtsCC19MCKR_1463	270	10/1/2019	McKenzie	Raft	PH	CZ	15:25	16:38	12.0	South Fork McKenzie to Forrest Glen	1463	16:30	N	83	M	Y	Y	Y	N/A	N/A	N	N/A	N/A	BROKEN OTOLITHS	MRM	13-Oct-19	EP	13-Oct-19
OtsCC19MCKR	OtsCC19MCKR_1465	271	10/1/2019	McKenzie	Raft	PH	CZ	15:25	16:38	12.0	South Fork McKenzie to Forrest Glen	1465	16:30	N	77	M	Y	Y	Y	N/A	N/A	N	N/A	N/A	DNA FROM PECTORAL FIN	MRM	13-Oct-19	EP	13-Oct-19
OtsCC19MCKR	OtsCC19MCKR_1466	272	10/1/2019	McKenzie	Raft	PH	CZ	15:25	16:38	12.0	South Fork McKenzie to Forrest Glen	1466	16:30	N	85	F	Y	Y	Y	0	N/A	N	N/A	N/A		MRM	13-Oct-19	EP	13-Oct-19
OtsCC19SFMK	OtsCC19SFMK_1930	273	10/2/2019	South Fork McKenzie 	Walk	PH	EP	10:00	13:30	9.9	Bridge to Mouth	1930	10:10	Y	74	M	Y	Y	N	N/A	N/A	N	N/A	N/A	Phase 1 to Mouth	MRM	13-Oct-19	EP	13-Oct-19
OtsCC19SFMK	OtsCC19SFMK_1929	274	10/2/2019	South Fork McKenzie 	Walk	PH	EP	10:00	13:30	9.9	Bridge to Mouth	1929	10:52	N	78	F	Y	Y	Y	0	N/A	N	N/A	N/A	Phase 1 to Mouth	MRM	13-Oct-19	EP	13-Oct-19
OtsCC19SFMK	OtsCC19SFMK_1928	275	10/2/2019	South Fork McKenzie 	Walk	PH	EP	10:00	13:30	9.9	Bridge to Mouth	1928	11:00	N	70	F	Y	Y	Y	0	N/A	N	N/A	N/A	Phase 1 to Mouth	MRM	13-Oct-19	EP	13-Oct-19
OtsCC19SFMK	OtsCC19SFMK_1927	276	10/2/2019	South Fork McKenzie 	Walk	PH	EP	10:00	13:30	9.9	Bridge to Mouth	1927	11:20	N	82	F	Y	Y	Y	0	N/A	N	N/A	N/A	Phase 1 to Mouth	MRM	13-Oct-19	EP	13-Oct-19
OtsCC19SFMK	OtsCC19SFMK_1926	277	10/2/2019	South Fork McKenzie 	Walk	PH	EP	10:00	13:30	9.9	Bridge to Mouth	1926	12:35	Y	71	F	Y	Y	N	0	N/A	N	N/A	N/A	Phase 1 to Mouth	MRM	13-Oct-19	EP	13-Oct-19
OtsCC19SFMK	OtsCC19SFMK_1925	278	10/2/2019	South Fork McKenzie 	Walk	PH	EP	10:00	13:30	9.9	Bridge to Mouth	1925	12:55	N	82	F	Y	Y	Y	0	N/A	N	N/A	N/A	Phase 1 to Mouth	MRM	13-Oct-19	EP	13-Oct-19
OtsCC19SFMK	OtsCC19SFMK_1924	279	10/2/2019	South Fork McKenzie 	Walk	PH	EP	10:00	13:30	9.9	Bridge to Mouth	1924	12:55	N	84	M	Y	Y	Y	N/A	N/A	N	N/A	N/A	Phase 1 to Mouth	MRM	13-Oct-19	EP	13-Oct-19
OtsCC19SFMK	OtsCC19SFMK_1923	280	10/2/2019	South Fork McKenzie 	Walk	PH	EP	10:00	13:30	9.9	Bridge to Mouth	1923	13:10	Y	75	F	Y	Y	N	0	N/A	N	N/A	N/A	DNA FROM PECTORAL- Phase 1 to Mouth	MRM	13-Oct-19	EP	13-Oct-19
OtsCC19MFWR	OtsCC19MFWR_1480	281	10/2/2019	Middle Fork Willamette	Raft & IK	AP,KH	BL	10:15	11:40	16.3	Dexter to Pengra Landing	1480	10:35	Y	73	UNKNOWN	Y	Y	N	UNKNOWN	19P_8003	N	N/A	N/A	Very decayed - scavenged	MRM	13-Oct-19	EP	13-Oct-19
OtsCC19MCKR	OtsCC19MCKR_1369	282	10/3/2019	Horse Creek	IK	BL	CZ	10:42	13:15	7.5	Bridge to Mouth	1369	11:46	N	71	F	Y	Y	Y	0	19P_8004	N	N/A	N/A		MRM	13-Oct-19	EP	13-Oct-19
OtsCC19MCKR	OtsCC19MCKR_0473	283	10/3/2019	Horse Creek	IK	BL	CZ	10:42	13:15	7.5	Bridge to Mouth	473	11:01	N	87	F	Y	Y	Y	0	N/A	N	N/A	N/A		MRM	13-Oct-19	EP	13-Oct-19
OtsCC19MCKR	OtsCC19MCKR_0475	284	10/3/2019	Horse Creek	IK	BL	CZ	10:42	13:15	7.5	Bridge to Mouth	475	11:01	N	75	F	Y	Y	Y	0	N/A	N	N/A	N/A		MRM	13-Oct-19	EP	13-Oct-19
OtsCC19MCKR	OtsCC19MCKR_1365	285	10/3/2019	Horse Creek	IK	BL	CZ	10:42	13:15	7.5	Bridge to Mouth	1365	11:46	N	83	M	Y	Y	Y	N/A	N/A	N	N/A	N/A		MRM	13-Oct-19	EP	13-Oct-19
OtsCC19MCKR	OtsCC19MCKR_1366	286	10/3/2019	Horse Creek	IK	BL	CZ	10:42	13:15	7.5	Bridge to Mouth	1366	11:46	N	78	F	Y	Y	Y	0	N/A	N	N/A	N/A		MRM	13-Oct-19	EP	13-Oct-19
OtsCC19MCKR	OtsCC19MCKR_1367	287	10/3/2019	Horse Creek	IK	BL	CZ	10:42	13:15	7.5	Bridge to Mouth	1367	11:46	N	79	F	Y	Y	Y	0	N/A	N	N/A	N/A		MRM	13-Oct-19	EP	13-Oct-19
OtsCC19MCKR	OtsCC19MCKR_1368	288	10/3/2019	Horse Creek	IK	BL	CZ	10:42	13:15	7.5	Bridge to Mouth	1368	11:46	N	77	M	Y	Y	Y	N/A	N/A	N	N/A	N/A	only one otolith	MRM	13-Oct-19	EP	13-Oct-19
OtsCC19MCKR	OtsCC19MCKR_1361	289	10/3/2019	Horse Creek	IK	BL	CZ	10:42	13:15	7.5	Bridge to Mouth	1361	12:50	N	70	F	Y	Y	Y	0	N/A	N	N/A	N/A	Dna taken from pectoral	MRM	13-Oct-19	EP	13-Oct-19
OtsCC19MCKR	OtsCC19MCKR_1362	290	10/3/2019	Horse Creek	IK	BL	CZ	10:42	13:15	7.5	Bridge to Mouth	1362	12:50	N	77	M	Y	Y	Y	N/A	N/A	N	N/A	N/A		MRM	13-Oct-19	EP	13-Oct-19
OtsCC19MCKR	OtsCC19MCKR_1363	291	10/3/2019	Horse Creek	IK	BL	CZ	10:42	13:15	7.5	Bridge to Mouth	1363	12:50	N	80	F	Y	Y	Y	0	N/A	N	N/A	N/A		MRM	13-Oct-19	EP	13-Oct-19
OtsCC19MCKR	OtsCC19MCKR_1364	292	10/3/2019	Horse Creek	IK	BL	CZ	10:42	13:15	7.5	Bridge to Mouth	1364	12:50	N	79	F	Y	Y	Y	0	N/A	N	N/A	N/A		MRM	13-Oct-19	EP	13-Oct-19
OtsCC19SFMK	OtsCC19SFMK_2171	293	10/9/2019	South Fork McKenzie 	IK	AP	BL	9:19	11:50	10.6	Dam to Bridge	2171	10:16	N	80	F	Y	Y	Y	0	N/A	N	N/A	N/A	Pic 1733 Camera 0170	MRM	13-Oct-19	EP	13-Oct-19
OtsCC19SFMK	OtsCC19SFMK_2172	294	10/9/2019	South Fork McKenzie 	IK	AP	BL	9:19	11:50	10.6	Dam to Bridge	2172	10:16	N	85	F	Y	Y	Y	0	N/A	N	N/A	N/A		MRM	13-Oct-19	EP	13-Oct-19
OtsCC19SFMK	OtsCC19SFMK_2173	295	10/9/2019	South Fork McKenzie 	IK	AP	BL	9:19	11:50	10.6	Dam to Bridge	2173	10:16	Y	86	M	Y	Y	N	N/A	N/A	Y	BLUE	6525	Blue floy tag 6525	MRM	13-Oct-19	EP	13-Oct-19
OtsCC19SFMK	OtsCC19SFMK_2174	296	10/9/2019	South Fork McKenzie 	IK	AP	BL	9:19	11:50	10.6	Dam to Bridge	2174	10:16	N	72	UNKNOWN	Y	Y	N	UNKNOWN	N/A	N	N/A	N/A	No Head, scavenged	MRM	13-Oct-19	EP	13-Oct-19
OtsCC19SFMK	OtsCC19SFMK_2175	297	10/9/2019	South Fork McKenzie 	IK	AP	BL	9:19	11:50	10.6	Dam to Bridge	2175	10:16	N	80	F	Y	Y	Y	0	N/A	N	N/A	N/A		MRM	13-Oct-19	EP	13-Oct-19
OtsCC19SFMK	OtsCC19SFMK_2177	298	10/9/2019	South Fork McKenzie 	IK	AP	BL	9:19	11:50	10.6	Dam to Bridge	2177	10:16	Y	74	F	Y	Y	N	UNKNOWN	N/A	N	N/A	N/A		MRM	13-Oct-19	EP	13-Oct-19
OtsCC19SFMK	OtsCC19SFMK_2178	299	10/9/2019	South Fork McKenzie 	IK	AP	BL	9:19	11:50	10.6	Dam to Bridge	2178	10:16	N	78	F	Y	Y	Y	0	N/A	N	N/A	N/A		MRM	13-Oct-19	EP	13-Oct-19
OtsCC19SFMK	OtsCC19SFMK_2180	300	10/9/2019	South Fork McKenzie 	IK	AP	BL	9:19	11:50	10.6	Dam to Bridge	2180	10:16	N	84	F	Y	Y	Y	0	N/A	N	N/A	N/A		MRM	13-Oct-19	EP	13-Oct-19
OtsCC19SFMK	OtsCC19SFMK_1629	301	10/9/2019	South Fork McKenzie 	IK	AP	BL	9:19	11:50	10.6	Dam to Bridge	1629	11:35	N	87	F	Y	Y	Y	0	N/A	Y	BLUE	1019	Blue floy tag 1019	MRM	13-Oct-19	EP	13-Oct-19
OtsCC19SFMK	OtsCC19SFMK_1630	302	10/9/2019	South Fork McKenzie 	IK	AP	BL	9:19	11:50	10.6	Dam to Bridge	1630	11:35	N	86	M	Y	Y	Y	N/A	N/A	N	N/A	N/A		MRM	13-Oct-19	EP	13-Oct-19
OtsCC19SFMK	OtsCC19SFMK_1628	303	10/9/2019	South Fork McKenzie 	IK	AP	BL	9:19	11:50	10.6	Dam to Bridge	1628	11:35	N	92	M	Y	Y	Y	N/A	N/A	Y	BLUE	1020	Blue Floy tag 1020	MRM	13-Oct-19	EP	13-Oct-19
OtsCC19SFMK	OtsCC19SFMK_2176	304	10/9/2019	South Fork McKenzie 	IK	AP	BL	9:19	11:50	10.6	Dam to Bridge	2176	10:16	Y	69	F	Y	Y	N	0	19P_8053	N	N/A	N/A		MRM	13-Oct-19	EP	13-Oct-19
OtsCC19SSNT	OtsCC19SSNT_2091	305	10/9/2019	South Santiam	Raft	DA	EP	10:15	16:07	11.5	Foster Dam to Pleasant Valley	2091	10:30	Y	83	M	Y	Y	N	N/A	N/A	N	N/A	N/A	Snout Missing-no Snout	MP	17-Oct-19	MRM	17-Oct-19
OtsCC19SSNT	OtsCC19SSNT_2092	306	10/9/2019	South Santiam	Raft	DA	EP	10:15	16:07	11.5	Foster Dam to Pleasant Valley	2092	10:30	Y	79	F	Y	Y	N	0	N/A	N	N/A	N/A		MP	17-Oct-19	MRM	17-Oct-19
OtsCC19SSNT	OtsCC19SSNT_2093	307	10/9/2019	South Santiam	Raft	DA	EP	10:15	16:07	11.5	Foster Dam to Pleasant Valley	2093	10:30	Y	84	F	Y	Y	N	0	N/A	N	N/A	N/A		MP	17-Oct-19	MRM	17-Oct-19
OtsCC19SSNT	OtsCC19SSNT_2094	308	10/9/2019	South Santiam	Raft	DA	EP	10:15	16:07	11.5	Foster Dam to Pleasant Valley	2094	10:30	Y	72	F	Y	Y	N	0	N/A	N	N/A	N/A		MP	17-Oct-19	MRM	17-Oct-19
OtsCC19SSNT	OtsCC19SSNT_2095	309	10/9/2019	South Santiam	Raft	DA	EP	10:15	16:07	11.5	Foster Dam to Pleasant Valley	2095	10:30	Y	78	F	Y	Y	N	0	N/A	N	N/A	N/A		MP	17-Oct-19	MRM	17-Oct-19
OtsCC19SSNT	OtsCC19SSNT_2099	310	10/9/2019	South Santiam	Raft	DA	EP	10:15	16:07	11.5	Foster Dam to Pleasant Valley	2099	11:15	N	82	F	Y	Y	Y	0	N/A	N	N/A	N/A	otoliths	MP	17-Oct-19	MRM	17-Oct-19
OtsCC19SSNT	OtsCC19SSNT_2100	311	10/9/2019	South Santiam	Raft	DA	EP	10:15	16:07	11.5	Foster Dam to Pleasant Valley	2100	11:15	N	90	M	Y	Y	Y	N/A	N/A	N	N/A	N/A	otoliths	MP	17-Oct-19	MRM	17-Oct-19
OtsCC19SSNT	OtsCC19SSNT_2096	312	10/9/2019	South Santiam	Raft	DA	EP	10:15	16:07	11.5	Foster Dam to Pleasant Valley	2096	11:50	Y	54	M	Y	Y	N	N/A	N/A	N	N/A	N/A		MP	17-Oct-19	MRM	17-Oct-19
OtsCC19SSNT	OtsCC19SSNT_2097	313	10/9/2019	South Santiam	Raft	DA	EP	10:15	16:07	11.5	Foster Dam to Pleasant Valley	2097	11:50	Y	73	F	Y	Y	N	0	N/A	N	N/A	N/A		MP	17-Oct-19	MRM	17-Oct-19
OtsCC19SSNT	OtsCC19SSNT_2098	314	10/9/2019	South Santiam	Raft	DA	EP	10:15	16:07	11.5	Foster Dam to Pleasant Valley	2098	11:50	Y	80	F	Y	Y	N	0	N/A	N	N/A	N/A		MP	17-Oct-19	MRM	17-Oct-19
OtsCC19SSNT	OtsCC19SSNT_2199	315	10/9/2019	South Santiam	Raft	DA	EP	10:15	16:07	11.5	Foster Dam to Pleasant Valley	2199	11:50	N	96	M	Y	Y	Y	N/A	N/A	N	N/A	N/A	otoliths	MP	17-Oct-19	MRM	17-Oct-19
OtsCC19SSNT	OtsCC19SSNT_2200	316	10/9/2019	South Santiam	Raft	DA	EP	10:15	16:07	11.5	Foster Dam to Pleasant Valley	2200	11:50	Y	76	F	Y	Y	N	0	N/A	N	N/A	N/A		MP	17-Oct-19	MRM	17-Oct-19
OtsCC19SSNT	OtsCC19SSNT_2194	317	10/9/2019	South Santiam	Raft	DA	EP	10:15	16:07	11.5	Foster Dam to Pleasant Valley	2194	12:40	N	65	M	Y	Y	Y	N/A	N/A	N	N/A	N/A	otoliths	MP	17-Oct-19	MRM	17-Oct-19
OtsCC19SSNT	OtsCC19SSNT_2195	318	10/9/2019	South Santiam	Raft	DA	EP	10:15	16:07	11.5	Foster Dam to Pleasant Valley	2195	12:40	N	86	F	Y	Y	Y	5	N/A	N	N/A	N/A	otoliths	MP	17-Oct-19	MRM	17-Oct-19
OtsCC19SSNT	OtsCC19SSNT_2196	319	10/9/2019	South Santiam	Raft	DA	EP	10:15	16:07	11.5	Foster Dam to Pleasant Valley	2196	12:40	N	89	M	Y	Y	Y	N/A	N/A	N	N/A	N/A	otoliths	MP	17-Oct-19	MRM	17-Oct-19
OtsCC19SSNT	OtsCC19SSNT_2191	320	10/9/2019	South Santiam	Raft	DA	EP	10:15	16:07	11.5	Foster Dam to Pleasant Valley	2191	12:40	N	51	M	Y	Y	Y	N/A	N/A	N	N/A	N/A	otoliths	MP	17-Oct-19	MRM	17-Oct-19
OtsCC19SSNT	OtsCC19SSNT_2192	321	10/9/2019	South Santiam	Raft	DA	EP	10:15	16:07	11.5	Foster Dam to Pleasant Valley	2192	12:40	N	81	F	Y	Y	Y	0	N/A	N	N/A	N/A	otoliths	MP	17-Oct-19	MRM	17-Oct-19
OtsCC19SSNT	OtsCC19SSNT_2193	322	10/9/2019	South Santiam	Raft	DA	EP	10:15	16:07	11.5	Foster Dam to Pleasant Valley	2193	12:40	N	84	F	Y	Y	Y	0	N/A	N	N/A	N/A	otoliths	MP	17-Oct-19	MRM	17-Oct-19
OtsCC19SSNT	OtsCC19SSNT_2197	323	10/9/2019	South Santiam	Raft	DA	EP	10:15	16:07	11.5	Foster Dam to Pleasant Valley	2197	12:40	Y	76	F	Y	Y	N	0	N/A	N	N/A	N/A		MP	17-Oct-19	MRM	17-Oct-19
OtsCC19SSNT	OtsCC19SSNT_2198	324	10/9/2019	South Santiam	Raft	DA	EP	10:15	16:07	11.5	Foster Dam to Pleasant Valley	2198	12:40	N	78	M	Y	Y	Y	N/A	N/A	N	N/A	N/A	otoliths	MP	17-Oct-19	MRM	17-Oct-19
OtsCC19SSNT	OtsCC19SSNT_2061	325	10/9/2019	South Santiam	Raft	DA	EP	10:15	16:07	11.5	Foster Dam to Pleasant Valley	2061	12:40	Y	73	F	Y	Y	N	0	N/A	N	N/A	N/A		MP	17-Oct-19	MRM	17-Oct-19
OtsCC19SSNT	OtsCC19SSNT_2064	326	10/9/2019	South Santiam	Raft	DA	EP	10:15	16:07	11.5	Foster Dam to Pleasant Valley	2064	14:00	N	96	M	Y	Y	Y	N/A	N/A	N	N/A	N/A	otoliths	MP	17-Oct-19	MRM	17-Oct-19
OtsCC19SSNT	OtsCC19SSNT_2063	327	10/9/2019	South Santiam	Raft	DA	EP	10:15	16:07	11.5	Foster Dam to Pleasant Valley	2063	14:00	N	80	F	Y	Y	Y	0	N/A	N	N/A	N/A	otoliths	MP	17-Oct-19	MRM	17-Oct-19
OtsCC19SSNT	OtsCC19SSNT_2062	328	10/9/2019	South Santiam	Raft	DA	EP	10:15	16:07	11.5	Foster Dam to Pleasant Valley	2062	14:00	N	74	F	Y	Y	Y	0	N/A	N	N/A	N/A	otoliths	MP	17-Oct-19	MRM	17-Oct-19
OtsCC19SSNT	OtsCC19SSNT_2065	329	10/9/2019	South Santiam	Raft	DA	EP	10:15	16:07	11.5	Foster Dam to Pleasant Valley	2065	14:15	N	84	F	Y	Y	Y	0	N/A	N	N/A	N/A	otoliths	MP	17-Oct-19	MRM	17-Oct-19
OtsCC19SSNT	OtsCC19SSNT_2066	330	10/9/2019	South Santiam	Raft	DA	EP	10:15	16:07	11.5	Foster Dam to Pleasant Valley	2066	14:15	Y	73	F	Y	Y	N	0	N/A	N	N/A	N/A		MP	17-Oct-19	MRM	17-Oct-19
OtsCC19SSNT	OtsCC19SSNT_2067	331	10/9/2019	South Santiam	Raft	DA	EP	10:15	16:07	11.5	Foster Dam to Pleasant Valley	2067	14:15	N	83	F	Y	Y	Y	0	N/A	N	N/A	N/A	otoliths	MP	17-Oct-19	MRM	17-Oct-19
OtsCC19SSNT	OtsCC19SSNT_2069	332	10/9/2019	South Santiam	Raft	DA	EP	10:15	16:07	11.5	Foster Dam to Pleasant Valley	2069	15:45	Y	78	M	Y	Y	N	N/A	N/A	N	N/A	N/A		MP	17-Oct-19	MRM	17-Oct-19
OtsCC19SSNT	OtsCC19SSNT_2070	333	10/9/2019	South Santiam	Raft	DA	EP	10:15	16:07	11.5	Foster Dam to Pleasant Valley	2070	15:45	N	83	F	Y	Y	Y	0	N/A	N	N/A	N/A	otoliths	MP	17-Oct-19	MRM	17-Oct-19
OtsCC19SSNT	OtsCC19SSNT_1941	334	10/9/2019	South Santiam	Raft	DA	EP	10:15	16:07	11.5	Foster Dam to Pleasant Valley	1941	15:45	N	85	M	Y	Y	Y	N/A	N/A	N	N/A	N/A	otoliths	MP	17-Oct-19	MRM	17-Oct-19
OtsCC19SSNT	OtsCC19SSNT_2190	335	10/9/2019	South Santiam	Raft	DA	EP	10:15	16:07	11.5	Foster Dam to Pleasant Valley	2190	15:45	Y	91	M	Y	Y	N	N/A	N/A	N	N/A	N/A		MP	17-Oct-19	MRM	17-Oct-19
OtsCC19SSNT	OtsCC19SSNT_1450	336	10/9/2019	South Santiam	Raft	MP	CZ	11:29	14:00	11.2	Pleasant Valley to McDowell Creek	1450	13:30	N	92	M	Y	Y	Y	N/A	N/A	N	N/A	N/A	otoliths in sample pack - no vial	MP	17-Oct-19	MRM	17-Oct-19
OtsCC19SFMK	OtsCC19SFMK_1625	337	10/9/2019	South Fork McKenzie 	IK	AP	BL	12:25	14:26	11.2	Bridge to Mouth	1625	13:30	Y	82	F	Y	Y	N	0	N/A	N	N/A	N/A	Phase 2 to Phase 1	MRM	13-Oct-19	EP	13-Oct-19
OtsCC19SFMK	OtsCC19SFMK_1626	338	10/9/2019	South Fork McKenzie 	IK	AP	BL	12:25	14:26	11.2	Bridge to Mouth	1626	13:30	Y	76	F	Y	Y	N	5	N/A	N	N/A	N/A	Phase 2 to Phase 1	MRM	13-Oct-19	EP	13-Oct-19
OtsCC19SFMK	OtsCC19SFMK_1627	339	10/9/2019	South Fork McKenzie 	IK	AP	BL	12:25	14:26	11.2	Bridge to Mouth	1627	13:30	N	91	M	Y	Y	Y	N/A	N/A	Y	BLUE	525	BLUE floy tag 0525- Phase 2 to Phase 1	MRM	13-Oct-19	EP	13-Oct-19
OtsCC19MCKR	OtsCC19MCKR_2189	340	10/10/2019	McKenzie	Raft & IK	AP	KH	9:06	10:05	7.4	Leaberg Landing to Deerhorn	2189	9:30	Y	72	M	Y	N	N	N/A	19P_8051	N	N/A	N/A	DNA FROM PECTORAL CAMERA 0166 PIC 1469	MRM	13-Oct-19	EP	13-Oct-19
OtsCC19MCKR	OtsCC19MCKR_2164	341	10/10/2019	McKenzie	Raft & IK	AP	KH	10:10	16:54	7.5	Deerhorn to Hendricks	2164	15:25	Y	73	M	Y	Y	N	N/A	19P_8035	N	N/A	N/A		MRM	13-Oct-19	EP	13-Oct-19
OtsCC19MCKR	OtsCC19MCKR_2188	342	10/10/2019	McKenzie	Raft & IK	AP	KH	10:10	16:54	7.5	Deerhorn to Hendricks	2188	15:25	Y	70	F	Y	Y	N	0	19P_8052	N	N/A	N/A	photos 4322-23	MRM	13-Oct-19	EP	13-Oct-19
OtsCC19MCKR	OtsCC19MCKR_1942	343	10/10/2019	McKenzie	Raft & IK	AP	KH	10:10	16:54	7.5	Deerhorn to Hendricks	1942	14:45	N	81	F	Y	Y	Y	0	N/A	N	N/A	N/A	Photos 384-4288 through 91	MRM	13-Oct-19	EP	13-Oct-19
OtsCC19MCKR	OtsCC19MCKR_1943	344	10/10/2019	McKenzie	Raft & IK	AP	KH	10:10	16:54	7.5	Deerhorn to Hendricks	1943	14:45	N	79	F	Y	Y	Y	0	N/A	N	N/A	N/A	photos 4292-4300	MRM	13-Oct-19	EP	13-Oct-19
OtsCC19MCKR	OtsCC19MCKR_1944	345	10/10/2019	McKenzie	Raft & IK	AP	KH	10:10	16:54	7.5	Deerhorn to Hendricks	1944	14:45	Y	77	M	Y	Y	N	N/A	N/A	N	N/A	N/A		MRM	13-Oct-19	EP	13-Oct-19
OtsCC19MCKR	OtsCC19MCKR_1945	346	10/10/2019	McKenzie	Raft & IK	AP	KH	10:10	16:54	7.5	Deerhorn to Hendricks	1945	14:45	Y	78	F	Y	Y	N	0	N/A	N	N/A	N/A	Black eggs photos 4301-4303	MRM	13-Oct-19	EP	13-Oct-19
OtsCC19MCKR	OtsCC19MCKR_1946	347	10/10/2019	McKenzie	Raft & IK	AP	KH	10:10	16:54	7.5	Deerhorn to Hendricks	1946	14:45	N	81	F	Y	Y	Y	0	N/A	N	N/A	N/A	photos 4304-4307	MRM	13-Oct-19	EP	13-Oct-19
OtsCC19MCKR	OtsCC19MCKR_1947	348	10/10/2019	McKenzie	Raft & IK	AP	KH	10:10	16:54	7.5	Deerhorn to Hendricks	1947	14:45	N	86	F	Y	Y	Y	20	N/A	N	N/A	N/A	photos 4308-4310	MRM	13-Oct-19	EP	13-Oct-19
OtsCC19MCKR	OtsCC19MCKR_1948	349	10/10/2019	McKenzie	Raft & IK	AP	KH	10:10	16:54	7.5	Deerhorn to Hendricks	1948	14:45	N	74	F	Y	Y	Y	0	N/A	N	N/A	N/A	photo 4312	MRM	13-Oct-19	EP	13-Oct-19
OtsCC19NSNT	OtsCC19NSNT_2334	350	10/10/2019	North Santiam	IK	CZ	BL	10:37	17:04	11.2	Big Cliff Dam to Minto Dam	2334	12:30	N	81	F	Y	Y	Y	0	N/A	N	N/A	N/A		MP	17-Oct-19	MRM	17-Oct-19
OtsCC19NSNT	OtsCC19NSNT_2333	351	10/10/2019	North Santiam	IK	CZ	BL	10:37	17:04	11.2	Big Cliff Dam to Minto Dam	2333	12:30	N	71	M	Y	Y	Y	N/A	N/A	Y	GREY	292	Floy Tag Gray 292	MP	17-Oct-19	MRM	17-Oct-19
OtsCC19NSNT	OtsCC19NSNT_2391	352	10/10/2019	North Santiam	IK	CZ	BL	10:37	17:04	11.2	Big Cliff Dam to Minto Dam	2391	12:30	N	75	F	Y	Y	Y	0	N/A	N	N/A	N/A		MP	17-Oct-19	MRM	17-Oct-19
OtsCC19NSNT	OtsCC19NSNT_2392	353	10/10/2019	North Santiam	IK	CZ	BL	10:37	17:04	11.2	Big Cliff Dam to Minto Dam	2392	12:30	N	78	F	Y	Y	Y	0	N/A	Y	WHITE	270	Floy Tag White 270	MP	17-Oct-19	MRM	17-Oct-19
OtsCC19NSNT	OtsCC19NSNT_2393	354	10/10/2019	North Santiam	IK	CZ	BL	10:37	17:04	11.2	Big Cliff Dam to Minto Dam	2393	12:30	N	72	F	Y	Y	Y	0	N/A	Y	GREY	200	One of otoliths broken floy gr 200	MP	17-Oct-19	MRM	17-Oct-19
OtsCC19NSNT	OtsCC19NSNT_2394	355	10/10/2019	North Santiam	IK	CZ	BL	10:37	17:04	11.2	Big Cliff Dam to Minto Dam	2394	12:30	N	Unknown	F	Y	Y	Y	0	N/A	Y	GREY	174	Floy tag gray 174/ Missing tail	MP	17-Oct-19	MRM	17-Oct-19
OtsCC19NSNT	OtsCC19NSNT_2395	356	10/10/2019	North Santiam	IK	CZ	BL	10:37	17:04	11.2	Big Cliff Dam to Minto Dam	2395	12:30	N	78	M	Y	Y	Y	N/A	N/A	Y	GREY	122	Floy 122 Gray	MP	17-Oct-19	MRM	17-Oct-19
OtsCC19NSNT	OtsCC19NSNT_2396	357	10/10/2019	North Santiam	IK	CZ	BL	10:37	17:04	11.2	Big Cliff Dam to Minto Dam	2396	12:30	N	70	M	Y	Y	Y	N/A	N/A	Y	WHITE	444	Floy White 444	MP	17-Oct-19	MRM	17-Oct-19
OtsCC19NSNT	OtsCC19NSNT_2397	358	10/10/2019	North Santiam	IK	CZ	BL	10:37	17:04	11.2	Big Cliff Dam to Minto Dam	2397	12:30	N	79	F	Y	Y	Y	0	N/A	Y	GREY	499	Floy gray 499	MP	17-Oct-19	MRM	17-Oct-19
OtsCC19NSNT	OtsCC19NSNT_2398	359	10/10/2019	North Santiam	IK	CZ	BL	10:37	17:04	11.2	Big Cliff Dam to Minto Dam	2398	12:30	N	89	F	Y	Y	Y	0	N/A	Y	GREY	475	Floy Gray 475	MP	17-Oct-19	MRM	17-Oct-19
OtsCC19NSNT	OtsCC19NSNT_2399	360	10/10/2019	North Santiam	IK	CZ	BL	10:37	17:04	11.2	Big Cliff Dam to Minto Dam	2399	12:30	N	73	UNKNOWN	N	N	Y	UNKNOWN	N/A	Y	GREY	49	Floy gray 49 Decayed	MP	17-Oct-19	MRM	17-Oct-19
OtsCC19NSNT	OtsCC19NSNT_2400	361	10/10/2019	North Santiam	IK	CZ	BL	10:37	17:04	11.2	Big Cliff Dam to Minto Dam	2400	12:30	N	77	M	Y	Y	Y	N/A	N/A	Y	GREY	41	Floy Gray 041	MP	17-Oct-19	MRM	17-Oct-19
OtsCC19NSNT	OtsCC19NSNT_2337	362	10/10/2019	North Santiam	IK	CZ	BL	10:37	17:04	11.2	Big Cliff Dam to Minto Dam	2337	12:30	N	74	M	Y	Y	Y	N/A	N/A	Y	GREY	476	Floy Gray 476 DNA-pectoral fin	MP	17-Oct-19	MRM	17-Oct-19
OtsCC19NSNT	OtsCC19NSNT_2335	363	10/10/2019	North Santiam	IK	CZ	BL	10:37	17:04	11.2	Big Cliff Dam to Minto Dam	2335	12:30	N	72	F	Y	Y	Y	0	N/A	Y	GREY	220	Floy Gray 220	MP	17-Oct-19	MRM	17-Oct-19
OtsCC19NSNT	OtsCC19NSNT_2339	364	10/10/2019	North Santiam	IK	CZ	BL	10:37	17:04	11.2	Big Cliff Dam to Minto Dam	2339	12:30	N	77	F	Y	Y	Y	0	N/A	N	N/A	N/A		MP	17-Oct-19	MRM	17-Oct-19
OtsCC19NSNT	OtsCC19NSNT_2340	365	10/10/2019	North Santiam	IK	CZ	BL	10:37	17:04	11.2	Big Cliff Dam to Minto Dam	2340	12:30	N	73	F	Y	Y	Y	0	N/A	Y	GREY	249	Floy tag gray 249; Otoliths broken	MP	17-Oct-19	MRM	17-Oct-19
OtsCC19NSNT	OtsCC19NSNT_2338	366	10/10/2019	North Santiam	IK	CZ	BL	10:37	17:04	11.2	Big Cliff Dam to Minto Dam	2338	12:30	N	71	M	Y	Y	Y	0	N/A	Y	WHITE	284	Floy tag white 284	MP	17-Oct-19	MRM	17-Oct-19
OtsCC19NSNT	OtsCC19NSNT_2332	367	10/10/2019	North Santiam	IK	CZ	BL	10:37	17:04	11.2	Big Cliff Dam to Minto Dam	2332	12:30	N	81	M	Y	Y	Y	N/A	N/A	Y	GREY	122	Floy Gray 122	MP	17-Oct-19	MRM	17-Oct-19
OtsCC19NSNT	OtsCC19NSNT_2331	368	10/10/2019	North Santiam	IK	CZ	BL	10:37	17:04	11.2	Big Cliff Dam to Minto Dam	2331	12:30	N	65	F	Y	Y	Y	0	N/A	N	N/A	N/A		MP	17-Oct-19	MRM	17-Oct-19
OtsCC19NSNT	OtsCC19NSNT_2371	369	10/10/2019	North Santiam	IK	CZ	BL	10:37	17:04	11.2	Big Cliff Dam to Minto Dam	2371	12:30	N	68	F	Y	Y	Y	0	N/A	Y	GREY	232	Floy Gray 232	MP	17-Oct-19	MRM	17-Oct-19
OtsCC19NSNT	OtsCC19NSNT_2336	370	10/10/2019	North Santiam	IK	CZ	BL	10:37	17:04	11.2	Big Cliff Dam to Minto Dam	2336	12:30	N	76	M	Y	Y	Y	N/A	N/A	Y	GREY	176	floy gray 176; Otoliths broken	MP	17-Oct-19	MRM	17-Oct-19
OtsCC19NSNT	OtsCC19NSNT_2372	371	10/10/2019	North Santiam	IK	CZ	BL	10:37	17:04	11.2	Big Cliff Dam to Minto Dam	2372	12:30	N	69	F	Y	Y	Y	0	N/A	Y	WHITE	245	Floy white 245	MP	17-Oct-19	MRM	17-Oct-19
OtsCC19NSNT	OtsCC19NSNT_2374	372	10/10/2019	North Santiam	IK	CZ	BL	10:37	17:04	11.2	Big Cliff Dam to Minto Dam	2374	12:30	N	74	F	Y	Y	Y	0	N/A	Y	GREY	117	floy gray 117	MP	17-Oct-19	MRM	17-Oct-19
OtsCC19NSNT	OtsCC19NSNT_2373	373	10/10/2019	North Santiam	IK	CZ	BL	10:37	17:04	11.2	Big Cliff Dam to Minto Dam	2373	12:30	N	74	M	Y	Y	Y	N/A	N/A	Y	GREY	172	floy gray 172	MP	17-Oct-19	MRM	17-Oct-19
OtsCC19NSNT	OtsCC19NSNT_2375	374	10/10/2019	North Santiam	IK	CZ	BL	10:37	17:04	11.2	Big Cliff Dam to Minto Dam	2375	12:30	N	83	M	Y	Y	Y	N/A	N/A	N	N/A	N/A	1 otolith broken	MP	17-Oct-19	MRM	17-Oct-19
OtsCC19NSNT	OtsCC19NSNT_2377	375	10/10/2019	North Santiam	IK	CZ	BL	10:37	17:04	11.2	Big Cliff Dam to Minto Dam	2377	15:50	N	78	F	Y	Y	Y	0	N/A	Y	GREY	139	Grey Floy 139	MP	17-Oct-19	MRM	17-Oct-19
OtsCC19NSNT	OtsCC19NSNT_2378	376	10/10/2019	North Santiam	IK	CZ	BL	10:37	17:04	11.2	Big Cliff Dam to Minto Dam	2378	15:50	N	90	M	Y	Y	Y	N/A	N/A	Y	GREY	426	Grey Floy 426	MP	17-Oct-19	MRM	17-Oct-19
OtsCC19NSNT	OtsCC19NSNT_2379	377	10/10/2019	North Santiam	IK	CZ	BL	10:37	17:04	11.2	Big Cliff Dam to Minto Dam	2379	15:50	N	78	F	Y	Y	Y	0	N/A	Y	GREY	32	Grey Floy 032; Otoliths loose in bag-broken	MP	17-Oct-19	MRM	17-Oct-19
OtsCC19NSNT	OtsCC19NSNT_2380	378	10/10/2019	North Santiam	IK	CZ	BL	10:37	17:04	11.2	Big Cliff Dam to Minto Dam	2380	15:50	N	73	F	Y	Y	Y	0	N/A	Y	WHITE	384	White floy 384; otoliths loose in bag	MP	17-Oct-19	MRM	17-Oct-19
OtsCC19NSNT	OtsCC19NSNT_2376	379	10/10/2019	North Santiam	IK	CZ	BL	10:37	17:04	11.2	Big Cliff Dam to Minto Dam	2376	15:50	N	81	F	Y	Y	Y	100	N/A	N	N/A	N/A		MP	17-Oct-19	MRM	17-Oct-19
OtsCC19NSNT	OtsCC19NSNT_2085	380	10/10/2019	North Santiam	IK	CZ	BL	10:37	17:04	11.2	Big Cliff Dam to Minto Dam	2085	15:50	N	66	M	Y	Y	Y	N/A	N/A	N	N/A	N/A	otoliths loose in bag	MP	17-Oct-19	MRM	17-Oct-19
OtsCC19NSNT	OtsCC19NSNT_2084	381	10/10/2019	North Santiam	IK	CZ	BL	10:37	17:04	11.2	Big Cliff Dam to Minto Dam	2084	15:50	N	81	M	Y	Y	Y	N/A	N/A	N	N/A	N/A	otoliths loose in bag	MP	17-Oct-19	MRM	17-Oct-19
OtsCC19NSNT	OtsCC19NSNT_2088	382	10/10/2019	North Santiam	IK	CZ	BL	10:37	17:04	11.2	Big Cliff Dam to Minto Dam	2088	15:50	N	82	F	Y	Y	Y	0	N/A	Y	WHITE	848	otoliths loose in bag; white floy 848	MP	17-Oct-19	MRM	17-Oct-19
OtsCC19NSNT	OtsCC19NSNT_2087	383	10/10/2019	North Santiam	IK	CZ	BL	10:37	17:04	11.2	Big Cliff Dam to Minto Dam	2087	15:50	N	70	F	Y	Y	Y	0	N/A	Y	GREY	39	otoliths loose in bag; grey floy 039; only one otolith	MP	17-Oct-19	MRM	17-Oct-19
OtsCC19NSNT	OtsCC19NSNT_2089	384	10/10/2019	North Santiam	IK	CZ	BL	10:37	17:04	11.2	Big Cliff Dam to Minto Dam	2089	15:50	N	81	M	Y	Y	Y	N/A	N/A	N	N/A	N/A	otoliths loose in bag	MP	17-Oct-19	MRM	17-Oct-19
OtsCC19NSNT	OtsCC19NSNT_2086	385	10/10/2019	North Santiam	IK	CZ	BL	10:37	17:04	11.2	Big Cliff Dam to Minto Dam	2086	15:50	N	77	F	Y	Y	Y	0	N/A	Y	GREY	204	Grey floy 204; otoliths bag	MP	17-Oct-19	MRM	17-Oct-19
OtsCC19NSNT	OtsCC19NSNT_2090	386	10/10/2019	North Santiam	IK	CZ	BL	10:37	17:04	11.2	Big Cliff Dam to Minto Dam	2090	15:50	N	82	M	Y	Y	Y	N/A	N/A	Y	WHITE	817	White floy 817; otoliths bag	MP	17-Oct-19	MRM	17-Oct-19
OtsCC19NSNT	OtsCC19NSNT_2083	387	10/10/2019	North Santiam	IK	CZ	BL	10:37	17:04	11.2	Big Cliff Dam to Minto Dam	2083	15:50	N	69	F	Y	Y	Y	0	N/A	Y	GREY	397	Gray floy 397; Otoliths bag	MP	17-Oct-19	MRM	17-Oct-19
OtsCC19NSNT	OtsCC19NSNT_2081	388	10/10/2019	North Santiam	IK	CZ	BL	10:37	17:04	11.2	Big Cliff Dam to Minto Dam	2081	15:50	N	81	M	Y	Y	Y	N/A	N/A	Y	WHITE	261	white floy 261; otoliths bag only 1	MP	17-Oct-19	MRM	17-Oct-19
OtsCC19NSNT	OtsCC19NSNT_2082	389	10/10/2019	North Santiam	IK	CZ	BL	10:37	17:04	11.2	Big Cliff Dam to Minto Dam	2082	15:50	N	82	M	Y	Y	Y	N/A	N/A	N	N/A	N/A	otoliths bag	MP	17-Oct-19	MRM	17-Oct-19
OtsCC19NSNT	OtsCC19NSNT_2055	390	10/10/2019	North Santiam	IK	CZ	BL	10:37	17:04	11.2	Big Cliff Dam to Minto Dam	2055	15:50	N	84	F	Y	Y	Y	0	N/A	N	N/A	N/A	otoliths bag	MP	17-Oct-19	MRM	17-Oct-19
OtsCC19NSNT	OtsCC19NSNT_1624	391	10/10/2019	North Santiam	IK	CZ	BL	10:37	17:04	11.2	Big Cliff Dam to Minto Dam	1624	15:50	N	78	F	Y	Y	Y	50	N/A	Y	WHITE	831	otoliths bag, white floy 831	MP	17-Oct-19	MRM	17-Oct-19
OtsCC19NSNT	OtsCC19NSNT_2051	392	10/10/2019	North Santiam	IK	CZ	BL	10:37	17:04	11.2	Big Cliff Dam to Minto Dam	2051	15:50	N	77	M	Y	Y	Y	N/A	N/A	N	N/A	N/A	otoliths bag	MP	17-Oct-19	MRM	17-Oct-19
OtsCC19NSNT	OtsCC19NSNT_2053	393	10/10/2019	North Santiam	IK	CZ	BL	10:37	17:04	11.2	Big Cliff Dam to Minto Dam	2053	15:50	N	76	M	Y	Y	Y	N/A	N/A	Y	WHITE	327	white floy 327; otoliths bag	MP	17-Oct-19	MRM	17-Oct-19
OtsCC19NSNT	OtsCC19NSNT_2052	394	10/10/2019	North Santiam	IK	CZ	BL	10:37	17:04	11.2	Big Cliff Dam to Minto Dam	2052	15:50	N	74	M	Y	Y	Y	N/A	N/A	Y	GREY	423	Grey floy 423; otoliths bag	MP	17-Oct-19	MRM	17-Oct-19
OtsCC19MFWR	OtsCC19MFWR_1225	395	10/10/2019	Lost Creek	Walk	MRM	EP	12:00	12:45	6.2	Split Point to Hwy 126 	1225	12:15	N	80	F	Y	Y	Y	0	N/A	N	N/A	N/A		MRM	13-Oct-19	EP	13-Oct-19
OtsCC19NSNT	OtsCC19NSNT_1833	396	10/10/2019	North Santiam	IK	CZ	BL	17:04	17:16	11.1	Minto Dam to Packsaddle	1833	17:10	N	76	M	Y	Y	Y	N/A	N/A	Y	GREY	410	Floy Gray 410	MP	17-Oct-19	MRM	17-Oct-19
OtsCC19NSNT	OtsCC19NSNT_1832	397	10/10/2019	North Santiam	IK	CZ	BL	17:04	17:16	11.1	Minto Dam to Packsaddle	1832	17:10	N	59	F	Y	Y	Y	0	N/A	N	N/A	N/A		MP	17-Oct-19	MRM	17-Oct-19
OtsCC19NSNT	OtsCC19NSNT_1521	398	10/11/2019	North Santiam	Raft	PH	CZ	12:15	13:16	10.3	Packsaddle to Gates Bridge	1521	13:16	N	61	M	Y	Y	Y	N/A	N/A	Y	WHITE	421	White Floy 421; Otoliths in bag	MP	17-Oct-19	MRM	17-Oct-19
OtsCC19NSNT	OtsCC19NSNT_1522	399	10/11/2019	North Santiam	Raft	PH	CZ	12:15	13:16	10.3	Packsaddle to Gates Bridge	1522	13:16	N	62	M	Y	Y	Y	N/A	N/A	Y	GREY	109	Grey Floy 109; Otoliths in bag	MP	17-Oct-19	MRM	17-Oct-19
OtsCC19NSNT	OtsCC19NSNT_1523	400	10/11/2019	North Santiam	Raft	PH	CZ	12:15	13:16	10.3	Packsaddle to Gates Bridge	1523	13:16	Y	74	F	Y	Y	N	0	N/A	N	N/A	N/A		MP	17-Oct-19	MRM	17-Oct-19
OtsCC19NSNT	OtsCC19NSNT_1524	401	10/11/2019	North Santiam	Raft	PH	CZ	12:15	13:16	10.3	Packsaddle to Gates Bridge	1524	13:16	N	83	F	Y	Y	Y	0	N/A	N	N/A	N/A	Otoliths in bag	MP	17-Oct-19	MRM	17-Oct-19
OtsCC19MCKR	OtsCC19MCKR_2350	402	10/12/2019	Horse Creek	IK	BL	CZ	11:04	12:50	6.4	Separation to Road Access	2350	11:15	N	81	F	Y	Y	Y	0	N/A	N	N/A	N/A		MRM	13-Oct-19	EP	13-Oct-19
OtsCC19MCKR	OtsCC19MCKR_2181	403	10/12/2019	Horse Creek	IK	BL	CZ	13:09	15:01	5.2	Braids to Avenue Creek	2181	14:05	N	81	F	Y	Y	Y	0	N/A	N	N/A	N/A		MRM	13-Oct-19	EP	13-Oct-19
OtsCC19MCKR	OtsCC19MCKR_2182	404	10/12/2019	Horse Creek	IK	BL	CZ	13:09	15:01	5.2	Braids to Avenue Creek	2182	14:05	N	80	F	Y	Y	Y	50	N/A	N	N/A	N/A		MRM	13-Oct-19	EP	13-Oct-19
OtsCC19MCKR	OtsCC19MCKR_2183	405	10/12/2019	Horse Creek	IK	BL	CZ	13:09	15:01	5.2	Braids to Avenue Creek	2183	14:05	N	80	F	Y	Y	Y	0	N/A	Y	BLUE	512	blue floy tag 0512	MRM	13-Oct-19	EP	13-Oct-19
OtsCC19MCKR	OtsCC19MCKR_2184	406	10/12/2019	Horse Creek	IK	BL	CZ	15:01	16:13	5.6	Avenue Creek to Bridge	2184	15:45	N	71	F	Y	Y	Y	0	N/A	N	N/A	N/A		MRM	13-Oct-19	EP	13-Oct-19
OtsCC19MCKR	OtsCC19MCKR_2185	407	10/12/2019	Horse Creek	IK	BL	CZ	15:01	16:13	5.6	Avenue Creek to Bridge	2185	15:45	N	80	F	Y	Y	Y	0	N/A	N	N/A	N/A		MRM	13-Oct-19	EP	13-Oct-19
OtsCC19MCKR	OtsCC19MCKR_2186	408	10/12/2019	Horse Creek	IK	BL	CZ	15:01	16:13	5.6	Avenue Creek to Bridge	2186	15:45	N	90	M	Y	Y	Y	N/A	N/A	N	N/A	N/A		MRM	13-Oct-19	EP	13-Oct-19
OtsCC19MCKR	OtsCC19MCKR_2187	409	10/12/2019	Horse Creek	IK	BL	CZ	15:01	16:13	5.6	Avenue Creek to Bridge	2187	15:45	N	80	M	Y	Y	Y	N/A	N/A	N	N/A	N/A		MRM	13-Oct-19	EP	13-Oct-19
OtsCC19MCKR	OtsCC19MCKR_2347	410	10/12/2019	Horse Creek	IK	BL	CZ	15:01	16:13	5.6	Avenue Creek to Bridge	2347	15:45	N	69	F	Y	Y	Y	0	N/A	N	N/A	N/A		MRM	13-Oct-19	EP	13-Oct-19
OtsCC19MCKR	OtsCC19MCKR_2348	411	10/12/2019	Horse Creek	IK	BL	CZ	15:01	16:13	5.6	Avenue Creek to Bridge	2348	15:45	N	73	M	Y	Y	Y	N/A	N/A	N	N/A	N/A		MRM	13-Oct-19	EP	13-Oct-19
OtsCC19MCKR	OtsCC19MCKR_2349	412	10/12/2019	Horse Creek	IK	BL	CZ	15:01	16:13	5.6	Avenue Creek to Bridge	2349	15:45	N	87	M	Y	Y	Y	N/A	N/A	N	N/A	N/A		MRM	13-Oct-19	EP	13-Oct-19
OtsCC19MCKR	OtsCC19MCKR_1834	413	10/13/2019	McKenzie	Raft	AP	KH	10:15	12:01	8.1	Hendricks to Bellinger	1834	10:40	Y	77	M	Y	Y	N	N/A	N/A	N	N/A	N/A		MRM	13-Oct-19	EP	13-Oct-19
OtsCC19MCKR	OtsCC19MCKR_1160	414	10/14/2019	McKenzie	Raft	CZ,MRM	AP,BD	9:40	12:45	5.4	Leaburg Dam to Leaburg Landing	1160	10:03	Y	78	F	Y	Y	N	0	N/A	N	N/A	N/A		MRM	14-Oct-19	MP	17-Oct-19
OtsCC19MCKR	OtsCC19MCKR_1159	415	10/14/2019	McKenzie	Raft	CZ,MRM	AP,BD	9:40	12:45	5.4	Leaburg Dam to Leaburg Landing	1159	10:03	N	83	F	Y	Y	Y	0	N/A	N	N/A	N/A	ONE OTOLITH	MRM	14-Oct-19	MP	17-Oct-19
OtsCC19MCKR	OtsCC19MCKR_1990	416	10/14/2019	McKenzie	Raft	CZ,MRM	AP,BD	9:40	12:45	5.4	Leaburg Dam to Leaburg Landing	1990	11:29	Y	69	F	Y	N	N	0	N/A	N	N/A	N/A		MRM	14-Oct-19	MP	17-Oct-19
OtsCC19MCKR	OtsCC19MCKR_1981	417	10/14/2019	McKenzie	Raft	CZ,MRM	AP,BD	9:40	12:45	5.4	Leaburg Dam to Leaburg Landing	1981	12:45	Y	79	F	Y	Y	N	0	N/A	N	N/A	N/A		MRM	14-Oct-19	MP	17-Oct-19
OtsCC19MCKR	OtsCC19MCKR_1996	418	10/14/2019	McKenzie	Raft	CZ,MRM	AP,BD	9:40	12:45	5.4	Leaburg Dam to Leaburg Landing	1996	12:45	N	86	M	Y	Y	Y	N/A	N/A	N	N/A	N/A		MRM	14-Oct-19	MP	17-Oct-19
OtsCC19MCKR	OtsCC19MCKR_1443	419	10/14/2019	McKenzie	Raft & IK	CZ,MRM	AP,BD	10:00	13:40	8.0	Forrest Glen to Rosborro	1443	16:00	Y	70	F	Y	N	N	0	19P_7978	N	N/A	N/A	DNA FROM PECTORAL-WORKED FISH UP AT 1600 FOR UPSTREAM CREW	MRM	14-Oct-19	MP	17-Oct-19
OtsCC19MCKR	OtsCC19MCKR_2068	420	10/14/2019	McKenzie	Raft & IK	BL,KH	PH,EP	10:00	13:40	8.0	Forrest Glen to Rosborro	2068	10:20	N	81	F	Y	Y	Y	20	N/A	N	N/A	N/A	camera 170, photos 4154-4155	MRM	14-Oct-19	MP	17-Oct-19
OtsCC19MCKR	OtsCC19MCKR_1931	421	10/14/2019	McKenzie	Raft & IK	BL,KH	PH,EP	10:00	13:40	8.0	Forrest Glen to Rosborro	1931	11:30	N	85	M	Y	Y	Y	N/A	N/A	N	N/A	N/A		MRM	14-Oct-19	MP	17-Oct-19
OtsCC19MCKR	OtsCC19MCKR_1932	422	10/14/2019	McKenzie	Raft & IK	BL,KH	PH,EP	10:00	13:40	8.0	Forrest Glen to Rosborro	1932	11:30	N	93	F	Y	Y	Y	0	N/A	N	N/A	N/A		MRM	14-Oct-19	MP	17-Oct-19
OtsCC19MCKR	OtsCC19MCKR_1933	423	10/14/2019	McKenzie	Raft & IK	BL,KH	PH,EP	10:00	13:40	8.0	Forrest Glen to Rosborro	1933	11:30	N	71	F	Y	Y	Y	0	N/A	N	N/A	N/A	Only 1 otolith	MRM	14-Oct-19	MP	17-Oct-19
OtsCC19MCKR	OtsCC19MCKR_1934	424	10/14/2019	McKenzie	Raft & IK	BL,KH	PH,EP	10:00	13:40	8.0	Forrest Glen to Rosborro	1934	11:30	Y	77	F	Y	Y	N	0	N/A	N	N/A	N/A		MRM	14-Oct-19	MP	17-Oct-19
OtsCC19MCKR	OtsCC19MCKR_1935	425	10/14/2019	McKenzie	Raft & IK	BL,KH	PH,EP	10:00	13:40	8.0	Forrest Glen to Rosborro	1935	11:30	N	78	F	Y	Y	Y	0	N/A	N	N/A	N/A		MRM	14-Oct-19	MP	17-Oct-19
OtsCC19MCKR	OtsCC19MCKR_1936	426	10/14/2019	McKenzie	Raft & IK	BL,KH	PH,EP	10:00	13:40	8.0	Forrest Glen to Rosborro	1936	11:30	N	90	M	Y	Y	Y	N/A	N/A	N	N/A	N/A		MRM	14-Oct-19	MP	17-Oct-19
OtsCC19MCKR	OtsCC19MCKR_2361	427	10/14/2019	McKenzie	Raft & IK	BL,KH	PH,EP	10:00	13:40	8.0	Forrest Glen to Rosborro	2361	11:30	N	85	M	Y	Y	Y	N/A	N/A	N	N/A	N/A		MRM	14-Oct-19	MP	17-Oct-19
OtsCC19MCKR	OtsCC19MCKR_2362	428	10/14/2019	McKenzie	Raft & IK	BL,KH	PH,EP	10:00	13:40	8.0	Forrest Glen to Rosborro	2362	11:30	N	83	F	Y	Y	Y	5	N/A	N	N/A	N/A		MRM	14-Oct-19	MP	17-Oct-19
OtsCC19MCKR	OtsCC19MCKR_2363	429	10/14/2019	McKenzie	Raft & IK	BL,KH	PH,EP	10:00	13:40	8.0	Forrest Glen to Rosborro	2363	11:30	N	87	F	Y	Y	Y	0	N/A	N	N/A	N/A		MRM	14-Oct-19	MP	17-Oct-19
OtsCC19MCKR	OtsCC19MCKR_2364	430	10/14/2019	McKenzie	Raft & IK	BL,KH	PH,EP	10:00	13:40	8.0	Forrest Glen to Rosborro	2364	11:30	Y	83	M	Y	Y	N	N/A	N/A	N	N/A	N/A		MRM	14-Oct-19	MP	17-Oct-19
OtsCC19MCKR	OtsCC19MCKR_2365	431	10/14/2019	McKenzie	Raft & IK	BL,KH	PH,EP	10:00	13:40	8.0	Forrest Glen to Rosborro	2365	11:30	Y	68	F	Y	Y	N	0	N/A	N	N/A	N/A		MRM	14-Oct-19	MP	17-Oct-19
OtsCC19MCKR	OtsCC19MCKR_2366	432	10/14/2019	McKenzie	Raft & IK	BL,KH	PH,EP	10:00	13:40	8.0	Forrest Glen to Rosborro	2366	11:30	Y	77	M	Y	Y	N	N/A	N/A	N	N/A	N/A		MRM	14-Oct-19	MP	17-Oct-19
OtsCC19MCKR	OtsCC19MCKR_2367	433	10/14/2019	McKenzie	Raft & IK	BL,KH	PH,EP	10:00	13:40	8.0	Forrest Glen to Rosborro	2367	11:30	N	93	M	Y	Y	Y	N/A	N/A	N	N/A	N/A		MRM	14-Oct-19	MP	17-Oct-19
OtsCC19MCKR	OtsCC19MCKR_2368	434	10/14/2019	McKenzie	Raft & IK	BL,KH	PH,EP	10:00	13:40	8.0	Forrest Glen to Rosborro	2368	11:30	N	79	F	Y	Y	Y	0	N/A	N	N/A	N/A		MRM	14-Oct-19	MP	17-Oct-19
OtsCC19MCKR	OtsCC19MCKR_2369	435	10/14/2019	McKenzie	Raft & IK	BL,KH	PH,EP	10:00	13:40	8.0	Forrest Glen to Rosborro	2369	11:30	N	88	F	Y	Y	Y	0	N/A	N	N/A	N/A		MRM	14-Oct-19	MP	17-Oct-19
OtsCC19MCKR	OtsCC19MCKR_2370	436	10/14/2019	McKenzie	Raft & IK	BL,KH	PH,EP	10:00	13:40	8.0	Forrest Glen to Rosborro	2370	11:30	N	69	F	Y	Y	Y	25	N/A	N	N/A	N/A		MRM	14-Oct-19	MP	17-Oct-19
OtsCC19MCKR	OtsCC19MCKR_2311	437	10/14/2019	McKenzie	Raft & IK	BL,KH	PH,EP	10:00	13:40	8.0	Forrest Glen to Rosborro	2311	11:30	N	67	F	Y	Y	Y	0	N/A	N	N/A	N/A		MRM	14-Oct-19	MP	17-Oct-19
OtsCC19MCKR	OtsCC19MCKR_2313	438	10/14/2019	McKenzie	Raft & IK	BL,KH	PH,EP	10:00	13:40	8.0	Forrest Glen to Rosborro	2313	11:30	Y	88	M	Y	Y	N	N/A	N/A	N	N/A	N/A		MRM	14-Oct-19	MP	17-Oct-19
OtsCC19MCKR	OtsCC19MCKR_1444	439	10/14/2019	McKenzie	Raft & IK	CZ,MRM	AP,BD	10:00	13:40	8.0	Forrest Glen to Rosborro	1444	16:00	Y	75	F	Y	N	N	0	N/A	N	N/A	N/A	DNA FROM PECTORAL- WORKED FISH UP AT 1600 FOR UPSTREAM CREW	MRM	14-Oct-19	MP	17-Oct-19
OtsCC19MCKR	OtsCC19MCKR_1447	440	10/14/2019	McKenzie	Raft & IK	CZ,MRM	AP,BD	10:00	13:40	8.0	Forrest Glen to Rosborro	1447	16:00	Y	85	M	Y	Y	N	N/A	N/A	N	N/A	N/A	DNA FROM PECTORAL - WORKED FISH UP AT 1600 FOR UPSTREAM CREW	MRM	14-Oct-19	MP	17-Oct-19
OtsCC19MCKR	OtsCC19MCKR_1446	441	10/14/2019	McKenzie	Raft & IK	CZ,MRM	AP,BD	10:00	13:40	8.0	Forrest Glen to Rosborro	1446	16:00	Y	82	M	Y	N	N	N/A	N/A	N	N/A	N/A	WORKED FISH UP AT 1600 FOR UPSTREAM CREW	MRM	14-Oct-19	MP	17-Oct-19
OtsCC19MCKR	OtsCC19MCKR_1449	442	10/14/2019	McKenzie	Raft & IK	CZ,MRM	AP,BD	10:00	13:40	8.0	Forrest Glen to Rosborro	1449	16:00	N	70	M	Y	Y	Y	N/A	N/A	N	N/A	N/A	ONLY 2 SCALES-WORKED FISH UP AT 1600 FOR UPSTREAM CREW	MRM	14-Oct-19	MP	17-Oct-19
OtsCC19MCKR	OtsCC19MCKR_1732	443	10/14/2019	McKenzie	Raft & IK	CZ,MRM	AP,BD	10:00	13:40	8.0	Forrest Glen to Rosborro	1732	16:00	N	63	M	Y	N	Y	N/A	N/A	N	N/A	N/A	WORKED FISH UP AT 1600 FOR UPSTREAM CREW	MRM	14-Oct-19	MP	17-Oct-19
OtsCC19MCKR	OtsCC19MCKR_1445	444	10/14/2019	McKenzie	Raft & IK	CZ,MRM	AP,BD	10:00	13:40	8.0	Forrest Glen to Rosborro	1445	16:00	N	91	M	Y	Y	Y	N/A	N/A	N	N/A	N/A	ONE Otolith- BROKEN-WORKED FISH UP AT 1600 FOR UPSTREAM CREW	MRM	14-Oct-19	MP	17-Oct-19
OtsCC19MCKR	OtsCC19MCKR_1448	445	10/14/2019	McKenzie	Raft & IK	CZ,MRM	AP,BD	10:00	13:40	8.0	Forrest Glen to Rosborro	1448	16:00	Y	81	F	Y	N	N	0	N/A	N	N/A	N/A	WORKED FISH UP AT 1600 FOR UPSTREAM CREW	MRM	14-Oct-19	MP	17-Oct-19
OtsCC19MCKR	OtsCC19MCKR_1589	446	10/14/2019	McKenzie	Raft & IK	CZ,MRM	AP,BD	10:00	13:40	8.0	Forrest Glen to Rosborro	1589	16:00	Y	83	M	Y	N	N	N/A	N/A	N	N/A	N/A	WORKED FISH UP AT 1600 FOR UPSTREAM CREW	MRM	14-Oct-19	MP	17-Oct-19
OtsCC19MCKR	OtsCC19MCKR_2312	447	10/14/2019	McKenzie	Raft & IK	BL,KH	PH,EP	13:40	16:15	9.3	Rosborro to Ben and Kay	2312	16:00	N	103	M	Y	Y	Y	N/A	N/A	N	N/A	N/A		MRM	14-Oct-19	MP	17-Oct-19
OtsCC19MCKR	OtsCC19MCKR_2314	448	10/14/2019	McKenzie	Raft & IK	BL,KH	PH,EP	13:40	16:15	9.3	Rosborro to Ben and Kay	2314	16:00	N	86	M	Y	Y	Y	N/A	N/A	N	N/A	N/A		MRM	14-Oct-19	MP	17-Oct-19
OtsCC19MCKR	OtsCC19MCKR_2315	449	10/14/2019	McKenzie	Raft & IK	BL,KH	PH,EP	13:40	16:15	9.3	Rosborro to Ben and Kay	2315	16:00	Y	81	F	Y	Y	N	25	N/A	N	N/A	N/A		MRM	14-Oct-19	MP	17-Oct-19
OtsCC19MCKR	OtsCC19MCKR_2316	450	10/14/2019	McKenzie	Raft & IK	BL,KH	PH,EP	13:40	16:15	9.3	Rosborro to Ben and Kay	2316	16:00	Y	80	F	Y	Y	N	0	N/A	N	N/A	N/A		MRM	14-Oct-19	MP	17-Oct-19
OtsCC19MCKR	OtsCC19MCKR_2317	451	10/14/2019	McKenzie	Raft & IK	BL,KH	PH,EP	13:40	16:15	9.3	Rosborro to Ben and Kay	2317	16:00	N	82	M	Y	Y	Y	N/A	N/A	N	N/A	N/A		MRM	14-Oct-19	MP	17-Oct-19
OtsCC19MCKR	OtsCC19MCKR_2318	452	10/14/2019	McKenzie	Raft & IK	BL,KH	PH,EP	13:40	16:15	9.3	Rosborro to Ben and Kay	2318	16:00	Y	69	M	Y	Y	N	N/A	N/A	N	N/A	N/A		MRM	14-Oct-19	MP	17-Oct-19
OtsCC19MCKR	OtsCC19MCKR_2320	453	10/14/2019	McKenzie	Raft & IK	BL,KH	PH,EP	13:40	16:15	9.3	Rosborro to Ben and Kay	2320	16:00	Y	76	F	Y	Y	N	5	N/A	N	N/A	N/A		MRM	14-Oct-19	MP	17-Oct-19
OtsCC19MCKR	OtsCC19MCKR_1441	454	10/14/2019	McKenzie	Raft	CZ,MRM	AP,BD	13:50	15:21	9.9	Helfrich to Leaburg Lake	1441	15:20	Y	77	F	Y	Y	N	0	N/A	N	N/A	N/A	DNA FROM PECTORAL	MRM	14-Oct-19	MP	17-Oct-19
OtsCC19MCKR	OtsCC19MCKR_1442	455	10/14/2019	McKenzie	Raft	CZ,MRM	AP,BD	13:50	15:21	9.9	Helfrich to Leaburg Lake	1442	15:20	Y	77	M	Y	N	N	N/A	N/A	N	N/A	N/A	DNA FROM PECTORAL	MRM	14-Oct-19	MP	17-Oct-19
OtsCC19MCKR	OtsCC19MCKR_1452	456	10/15/2019	McKenzie	Raft	PH	CZ	10:30	13:25	6.2	McKenzie Bridge to Hamlin	1452	11:43	N	89	F	Y	Y	Y	0	N/A	N	N/A	N/A		MRM	17-Oct-19	MP	17-Oct-19
OtsCC19MCKR	OtsCC19MCKR_1453	457	10/15/2019	McKenzie	Raft	PH	CZ	10:30	13:25	6.2	McKenzie Bridge to Hamlin	1453	12:10	N	74	F	Y	Y	Y	0	N/A	N	N/A	N/A		MRM	17-Oct-19	MP	17-Oct-19
OtsCC19MCKR	OtsCC19MCKR_1454	458	10/15/2019	McKenzie	Raft	PH	CZ	10:30	13:25	6.2	McKenzie Bridge to Hamlin	1454	13:00	N	82	M	Y	N	N	N/A	N/A	N	N/A	N/A		MRM	17-Oct-19	MP	17-Oct-19
OtsCC19MCKR	OtsCC19MCKR_1455	459	10/15/2019	McKenzie	Raft	PH	CZ	10:30	13:25	6.2	McKenzie Bridge to Hamlin	1455	13:00	N	80	M	Y	N	N	N/A	N/A	N	N/A	N/A	DNA FROM PECTORAL-TOO DECAYED FOR OTOLITHS OR SCALES	MRM	17-Oct-19	MP	17-Oct-19
OtsCC19MCKR	OtsCC19MCKR_1581	460	10/15/2019	McKenzie	Raft	BL	EP	12:53	13:37	6.7	Paradise to McKenzie Trail	1581	14:10	N	96	M	Y	Y	Y	N/A	N/A	N	N/A	N/A	Fish worked up at end of reach	MRM	17-Oct-19	MP	17-Oct-19
OtsCC19MCKR	OtsCC19MCKR_1582	461	10/15/2019	McKenzie	Raft	BL	EP	12:53	13:37	6.7	Paradise to McKenzie Trail	1582	14:10	N	84	M	Y	Y	Y	N/A	N/A	N	N/A	N/A	Fish worked up at end of reach	MRM	17-Oct-19	MP	17-Oct-19
OtsCC19MCKR	OtsCC19MCKR_1583	462	10/15/2019	McKenzie	Raft	BL	EP	12:53	13:37	6.7	Paradise to McKenzie Trail	1583	14:10	Y	78	M	Y	Y	N	N/A	N/A	N	N/A	N/A	Fish worked up at end of reach	MRM	17-Oct-19	MP	17-Oct-19
OtsCC19MCKR	OtsCC19MCKR_1226	463	10/16/2019	McKenzie	Walk	MRM	EP	10:10	11:15	UNKNOWN	Spawning Channel	1226	10:25	Y	83	F	Y	N	N	0	N/A	N	N/A	N/A	Scavenged	MRM	17-Oct-19	MP	17-Oct-19
OtsCC19MCKR	OtsCC19MCKR_1227	464	10/16/2019	McKenzie	Walk	MRM	EP	10:10	11:15	UNKNOWN	Spawning Channel	1227	10:25	Y	69	F	Y	Y	N	0	N/A	N	N/A	N/A		MRM	17-Oct-19	MP	17-Oct-19
OtsCC19MCKR	OtsCC19MCKR_1228	465	10/16/2019	McKenzie	Walk	MRM	EP	10:10	11:15	UNKNOWN	Spawning Channel	1228	10:35	N	89	M	Y	N	Y	N/A	N/A	N	N/A	N/A	DECOMPOSED	MRM	17-Oct-19	MP	17-Oct-19
OtsCC19MCKR	OtsCC19MCKR_1229	466	10/16/2019	McKenzie	Walk	MRM	EP	10:10	11:15	UNKNOWN	Spawning Channel	1229	10:35	UNKNOWN	84	F	Y	N	Y	0	N/A	N	N/A	N/A	Scavenged	MRM	17-Oct-19	MP	17-Oct-19
OtsCC19MCKR	OtsCC19MCKR_1230	467	10/16/2019	McKenzie	Walk	MRM	EP	10:10	11:15	UNKNOWN	Spawning Channel	1230	10:35	Y	78	F	Y	Y	N	0	N/A	N	N/A	N/A		MRM	17-Oct-19	MP	17-Oct-19
OtsCC19MCKR	OtsCC19MCKR_2071	468	10/16/2019	McKenzie	Walk	MRM	EP	10:10	11:15	UNKNOWN	Spawning Channel	2071	10:45	N	98	F	Y	N	Y	0	N/A	N	N/A	N/A		MRM	17-Oct-19	MP	17-Oct-19
OtsCC19MCKR	OtsCC19MCKR_2072	469	10/16/2019	McKenzie	Walk	MRM	EP	10:10	11:15	UNKNOWN	Spawning Channel	2072	10:45	N	80	F	Y	Y	Y	0	N/A	N	N/A	N/A		MRM	17-Oct-19	MP	17-Oct-19
OtsCC19MCKR	OtsCC19MCKR_2073	470	10/16/2019	McKenzie	Walk	MRM	EP	10:10	11:15	UNKNOWN	Spawning Channel	2073	10:45	Y	69	F	Y	N	N	0	N/A	N	N/A	N/A		MRM	17-Oct-19	MP	17-Oct-19
OtsCC19MCKR	OtsCC19MCKR_2074	471	10/16/2019	McKenzie	Walk	MRM	EP	10:10	11:15	UNKNOWN	Spawning Channel	2074	10:45	UNKNOWN	88	F	Y	N	Y	UNKNOWN	N/A	N	N/A	N/A	1 OTOLITH	MRM	17-Oct-19	MP	17-Oct-19
OtsCC19MCKR	OtsCC19MCKR_2075	472	10/16/2019	McKenzie	Walk	MRM	EP	10:10	11:15	UNKNOWN	Spawning Channel	2075	10:45	N	78	F	Y	Y	Y	0	N/A	N	N/A	N/A		MRM	17-Oct-19	MP	17-Oct-19
OtsCC19MCKR	OtsCC19MCKR_2076	473	10/16/2019	McKenzie	Walk	MRM	EP	10:10	11:15	UNKNOWN	Spawning Channel	2076	11:00	Y	80	M	Y	N	N	N/A	N/A	N	N/A	N/A	Scavenged	MRM	17-Oct-19	MP	17-Oct-19
OtsCC19MCKR	OtsCC19MCKR_2077	474	10/16/2019	McKenzie	Walk	MRM	EP	10:10	11:15	UNKNOWN	Spawning Channel	2077	11:00	N	89	UNKNOWN	Y	Y	Y	UNKNOWN	N/A	N	N/A	N/A	Scavenged	MRM	17-Oct-19	MP	17-Oct-19
OtsCC19MCKR	OtsCC19MCKR_2078	475	10/16/2019	McKenzie	Walk	MRM	EP	10:10	11:15	UNKNOWN	Spawning Channel	2078	11:00	UNKNOWN	89	F	Y	Y	Y	0	N/A	N	N/A	N/A	Scavenged	MRM	17-Oct-19	MP	17-Oct-19
OtsCC19MCKR	OtsCC19MCKR_2079	476	10/16/2019	McKenzie	Walk	MRM	EP	10:10	11:15	UNKNOWN	Spawning Channel	2079	11:00	Y	79	F	Y	N	N	0	N/A	N	N/A	N/A	Scavenged-NO ADIPOSE	MRM	17-Oct-19	MP	17-Oct-19
OtsCC19SFMK	OtsCC19SFMK_2080	477	10/16/2019	South Fork McKenzie 	Walk	MRM	EP	13:50	15:00	UNKNOWN	Bridge to Mouth	2080	14:15	N	75	F	Y	Y	Y	0	N/A	N	N/A	N/A	Phase 1 to Mouth	MRM	17-Oct-19	MP	17-Oct-19
OtsCC19SFMK	OtsCC19SFMK_2046	478	10/16/2019	South Fork McKenzie 	Walk	MRM	EP	13:50	15:00	UNKNOWN	Bridge to Mouth	2046	14:15	Y	81	F	Y	N	N	0	N/A	N	N/A	N/A	Phase 1 to Mouth	MRM	17-Oct-19	MP	17-Oct-19
OtsCC19SFMK	OtsCC19SFMK_2045	479	10/16/2019	South Fork McKenzie 	Walk	MRM	EP	13:50	15:00	UNKNOWN	Bridge to Mouth	2045	14:15	N	90	M	Y	N	Y	N/A	N/A	N	N/A	N/A	Phase 1 to Mouth	MRM	17-Oct-19	MP	17-Oct-19